Item,Part #,Description
1,20U41D6,"ACCESSORY SET, COUPLING"
2,980H83-2,ADAPTER
3,G5003977,ADAPTER
4,G5003372,ADAPTER CHUCK
5,611496K1,"ADAPTER, ROTOR SEAL"
6,18P3939,ADJUSTER
7,18P3940,ADJUSTER
8,53791643,AIR HOSE MAST
9,12090070,AIR COMPRESSOR
10,38U88,AIR CYLINDER-PROPELLER BRAKE
11,47Z16,AIR HORN
12,44Z1317,AIR HOSE
13,1071Z85,AIR MOTOR - CABLE REEL
14,82802082,AIR PRESSURE REGULATOR
15,72014001,AIR SEAL
16,20T8088,"ANCHOR, CHAIN"
17,C111954-02,"ANCHOR, SNUBBER(LUG, BAR)"
18,6J21D1,ARM
19,811853-1,ARM
20,811853-5,"ARM, SHIFTER"
21,811853-2,"ARM, SHIFTER RH"
22,R51718F1,"ARM, SNUBBER"
23,15P1197F1,"ARM, SNUBBER LINKAGE"
24,15N825D2F1,"ARM, SNUBBER"
25,15P1188C1F1,"ARM, SNUBBER"
26,62005056,ARMATURE
27,K380052-01,"ASSEMBLY, 1ST INT SHAFT"
28,910J652F3,"ASSEMBLY, 1ST REDUCTION CROWD"
29,910J634F1,"ASSEMBLY, 2ND REDUCTION CROWD"
30,K380051-01,"ASSEMBLY, CROWD MOTOR PINION"
31,R3989D3,"ASSEMBLY, SHAFT, SHIPPER"
32,298719AB,BABBITT
33,298749AB,BABBITT
34,402148B,BABBITT
35,402149B,BABBITT
36,402151A,BABBITT
37,402154A,BABBITT
38,R23280F3,BAIL
39,710720K51,BAND
40,807446K52,"BAND, BRAKE"
41,807446K62,"BAND, BRAKE LOWER"
42,20T9758D3,BAR
43,3406R5D3,BAR
44,MP262267,BAR
45,12N595D3,"BAR, LATCH"
46,12N617D1,"BAR, LATCH"
47,26754400,BEARING
48,26760803,BEARING
49,26794310,BEARING
50,26960832,BEARING
51,26966211,BEARING
52,26966296,BEARING
53,25T816D10,BEARING
54,25T816D11,BEARING
55,25T816D12,BEARING
56,25T816D14,BEARING
57,25T816D15,BEARING
58,25T816D16,BEARING
59,25T816D17,BEARING
60,25T816D19,BEARING
61,25T816D20,BEARING
62,25T816D21,BEARING
63,25T816D23,BEARING
64,25T816D3,BEARING
65,25T816D5,BEARING
66,25T816D52,BEARING
67,25T816D6,BEARING
68,25T816D7,BEARING
69,25T816D8,BEARING
70,25T816D9,BEARING
71,25T817D1,BEARING
72,25T817D10,BEARING
73,25T817D11,BEARING
74,25T817D12,BEARING
75,25T817D13,BEARING
76,25T817D14,BEARING
77,25T817D3,BEARING
78,25T817D4,BEARING
79,25T817D7,BEARING
80,25T817D9,BEARING
81,25T818D10,BEARING
82,25T818D11,BEARING
83,25T818D13,BEARING
84,25T818D2,BEARING
85,25T818D3,BEARING
86,25T818D4,BEARING
87,25T818D5,BEARING
88,25T818D7,BEARING
89,25T818D8,BEARING
90,25T819D10,BEARING
91,25T819D12,BEARING
92,25T819D14,BEARING
93,25T819D20,BEARING
94,25T819D21,BEARING
95,25T819D4,BEARING
96,25T819D5,BEARING
97,25T819D6,BEARING
98,25T819D7,BEARING
99,25T819D8,BEARING
100,25T819D9,BEARING
101,25T820D5,BEARING
102,25T820D8,BEARING
103,25T820D9,BEARING
104,25T822D4,BEARING
105,25T822D5,BEARING
106,25T823D11,BEARING
107,25T823D13,BEARING
108,25T823D16,BEARING
109,25T824D2,BEARING
110,25T828D8,BEARING
111,25T830D3,BEARING
112,25T832D1,BEARING
113,25Z100D13,BEARING
114,25Z100D15,BEARING
115,25Z100D7,BEARING
116,25Z102D17,BEARING
117,25Z104D11,BEARING
118,25Z1064,BEARING
119,25Z1077D1,BEARING
120,25Z1093D2,BEARING
121,25Z1098D1,BEARING
122,25Z1102,BEARING
123,25Z1106D12,BEARING
124,25Z1106D23,BEARING
125,25Z1106D24,BEARING
126,25Z1106D28,BEARING
127,25Z1106D30,BEARING
128,25Z1106D31,BEARING
129,25Z1106D34,BEARING
130,25Z1106D45,BEARING
131,25Z1106D50,BEARING
132,25Z1106D8,BEARING
133,25Z1106D9,BEARING
134,25Z111D11,BEARING
135,25Z111D14,BEARING
136,25Z111D15,BEARING
137,25Z111D16,BEARING
138,25Z111D17,BEARING
139,25Z111D18,BEARING
140,25Z111D19,BEARING
141,25Z1120,BEARING
142,25Z1122D4,BEARING
143,25Z112D6,BEARING
144,25Z113D14,BEARING
145,25Z113D15,BEARING
146,25Z113D6,BEARING
147,25Z113D7,BEARING
148,25Z1170,BEARING
149,25Z1211,BEARING
150,25Z15,BEARING
151,25Z204D7,BEARING
152,25Z246D11,BEARING
153,25Z246D13,BEARING
154,25Z246D5,BEARING
155,25Z246D6,BEARING
156,25Z246D9,BEARING
157,25Z259D1,BEARING
158,25Z259D106,BEARING
159,25Z259D120,BEARING
160,25Z259D135,BEARING
161,25Z259D136,BEARING
162,25Z259D156,BEARING
163,25Z259D170,BEARING
164,25Z259D173,BEARING
165,25Z259D179,BEARING
166,25Z259D185,BEARING
167,25Z259D204,BEARING
168,25Z259D210,BEARING
169,25Z259D212,BEARING
170,25Z259D214,BEARING
171,25Z259D215,BEARING
172,25Z259D216,BEARING
173,25Z259D217,BEARING
174,25Z259D218,BEARING
175,25Z259D219,BEARING
176,25Z259D220,BEARING
177,25Z259D222,BEARING
178,25Z259D223,BEARING
179,25Z259D224,BEARING
180,25Z259D231,BEARING
181,25Z259D232,BEARING
182,25Z259D233,BEARING
183,25Z259D234,BEARING
184,25Z259D239,BEARING
185,25Z259D240,BEARING
186,25Z259D241,BEARING
187,25Z259D247,BEARING
188,25Z259D25,BEARING
189,25Z259D260,BEARING
190,25Z259D263,BEARING
191,25Z259D27,BEARING
192,25Z259D28,BEARING
193,25Z259D30,BEARING
194,25Z259D32,BEARING
195,25Z259D34,BEARING
196,25Z259D35,BEARING
197,25Z259D39,BEARING
198,25Z259D40,BEARING
199,25Z259D41,BEARING
200,25Z259D48,BEARING
201,25Z259D52,BEARING
202,25Z259D56,BEARING
203,25Z259D60,BEARING
204,25Z259D62,BEARING
205,25Z259D64,BEARING
206,25Z259D91,BEARING
207,25Z259D99,BEARING
208,25Z262D10,BEARING
209,25Z262D11,BEARING
210,25Z262D13,BEARING
211,25Z262D14,BEARING
212,25Z262D17,BEARING
213,25Z262D18,BEARING
214,25Z262D2,BEARING
215,25Z262D20,BEARING
216,25Z262D21,BEARING
217,25Z262D22,BEARING
218,25Z262D3,BEARING
219,25Z262D4,BEARING
220,25Z262D5,BEARING
221,25Z262D6,BEARING
222,25Z262D8,BEARING
223,25Z262D9,BEARING
224,25Z263D1,BEARING
225,25Z265D106,BEARING
226,25Z277,BEARING
227,25Z278D4,BEARING
228,25Z279D1,BEARING
229,25Z297,BEARING
230,25Z338D36,BEARING
231,25Z353D1,BEARING
232,25Z353D10,BEARING
233,25Z353D103,BEARING
234,25Z353D105,BEARING
235,25Z353D15,BEARING
236,25Z353D17,BEARING
237,25Z353D2,BEARING
238,25Z353D20,BEARING
239,25Z353D29,BEARING
240,25Z353D3,BEARING
241,25Z353D38,BEARING
242,25Z353D40,BEARING
243,25Z353D44,BEARING
244,25Z353D47,BEARING
245,25Z353D48,BEARING
246,25Z353D57,BEARING
247,25Z353D63,BEARING
248,25Z353D64,BEARING
249,25Z353D65,BEARING
250,25Z353D70,BEARING
251,25Z353D74,BEARING
252,25Z353D75,BEARING
253,25Z353D76,BEARING
254,25Z353D79,BEARING
255,25Z353D80,BEARING
256,25Z353D82,BEARING
257,25Z353D86,BEARING
258,25Z1106D29,BEARING
259,25Z353D94,BEARING
260,25Z353D98,BEARING
261,25Z356D11,BEARING
262,25Z36,BEARING
263,25Z363D1,BEARING
264,25Z363D2,BEARING
265,25Z365D2,BEARING
266,25Z372D66,BEARING
267,25Z372D9,BEARING
268,25Z377D15,BEARING
269,25Z377D17,BEARING
270,25Z377D18,BEARING
271,25Z377D25,BEARING
272,25Z377D6,BEARING
273,25Z429D11,BEARING
274,25Z429D13,BEARING
275,25Z434D23,BEARING
276,25Z436D22,BEARING
277,25Z436D26,BEARING
278,25Z436D28,BEARING
279,25Z449D4,BEARING
280,25Z449D5,BEARING
281,25Z489D19,BEARING
282,25Z489D28,BEARING
283,25Z489D30,BEARING
284,25Z489D33,BEARING
285,25Z489D4,BEARING
286,25Z489D46,BEARING
287,25Z494D16,BEARING
288,25Z494D17,BEARING
289,25Z494D18,BEARING
290,25Z494D19,BEARING
291,25Z494D8,BEARING
292,25Z494D9,BEARING
293,25Z520D12,BEARING
294,25Z520D4,BEARING
295,25Z520D6,BEARING
296,25Z520D7,BEARING
297,25Z520D9,BEARING
298,25Z524,BEARING
299,25Z539D5,BEARING
300,25Z572D20,BEARING
301,25Z627D6,BEARING
302,25Z627D7,BEARING
303,25Z627D8,BEARING
304,25Z627D9,BEARING
305,25Z628D5,BEARING
306,25Z654D1,BEARING
307,25Z665,BEARING
308,25Z749D18,BEARING
309,25Z751D1,BEARING
310,25Z755D12,BEARING
311,25Z784D10,BEARING
312,25Z784D12,BEARING
313,25Z784D4,BEARING
314,25Z784D6,BEARING
315,25Z784D9,BEARING
316,25Z804D16,BEARING
317,25Z804D18,BEARING
318,25Z804D22,BEARING
319,25Z857D5,BEARING
320,25Z874D18,BEARING
321,25Z874D19,BEARING
322,25Z898,BEARING
323,25Z901D1,BEARING
324,25Z901D2,BEARING
325,25Z901D6,BEARING
326,25Z901D2C341,BEARING
327,25Z901D3,BEARING
328,25Z901D6,BEARING
329,25Z908,BEARING
330,25Z929,BEARING
331,25Z92D11,BEARING
332,25Z92D4,BEARING
333,25Z944D9,BEARING
334,25Z968,BEARING
335,25Z971,BEARING
336,25Z784D7,BEARING
337,25Z1122D3,BEARING
338,18N1484F1,BEARING BLOCK
339,644541-01,BEARING BLOCK
340,B000740-01,BEARING BLOCK
341,B002802-01,BEARING BLOCK
342,C109215-01,BEARING BLOCK
343,C109217-01,BEARING BLOCK
344,62003865,BEARING BRACKET
345,25P1222,BEARING CAP
346,572F427,BEARING CAP
347,572F457,BEARING CAP
348,25Z899,BEARING GENERATOR.
349,25N452,BEARING HOUSING
350,25N674,BEARING HOUSING
351,25N674C341,BEARING HOUSING
352,25P1005D2,BEARING HOUSING
353,25P1192D2,BEARING HOUSING
354,B005493-01,BEARING HOUSING
355,611050K21,BEARING IDLER SHAFT
356,572F810,BEARING TRACK
357,25Z755D15,"BEARING, REAR"
358,25Z1122D7,BEARING
359,25Z732D21,"BEARING, FRONT"
360,25Z602D1,"BEARING, HOIST BRAKE SHAFT"
361,25Z732D20,"BEARING, ROLLER"
362,25Z1267D4,"BEARING, SPHERICAL ROLLER"
363,25Z1267D5,"BEARING, SPHERICAL ROLLER"
364,26871515,"BEARING, UPPER"
365,25Z755D13,"BEARING, SPHERICAL ROLLER"
366,7Z399D5,BELT
367,R17893D2,BELT
368,R17893D3,BELT
369,7J48-G,BELT PULLEY
370,15047212,BIAS POWER MODULE
371,18P8714D1,BLOCK
372,15H493,BLOCK
373,25J281D2,"BLOCK, BEARING"
374,718N228D79,"BLOCK, BEARING"
375,18P8713D1,"BLOCK, SHEAR"
376,62043253,"BLOCK, TARGET"
377,25J167,"BLOCK, BEARING"
378,25N483D1,"BLOCK, BEARING"
379,R41272D1,"BLOCK, BEARING"
380,R49121D1,"BLOCK, BEARING"
381,34100P100F1,BLOWER ASSY WITH MOTOR
382,34100P101F1,BLOWER ASSY WITH MOTOR
383,3449U1D3,BLOWER ASSY WITH MOTOR
384,R5808D5,BODY
385,543641,BOLT
386,3309455,BOLT
387,3310140,BOLT
388,2695055232,BOLT
389,2695880803,BOLT
390,2695880811,BOLT
391,26951157731,BOLT
392,0626V115,BOLT
393,0630V102,BOLT
394,0630V120,BOLT
395,0630V121,BOLT
396,0630V130,BOLT
397,0630V154,BOLT
398,0630V156,BOLT
399,0630V540,BOLT
400,0746V109,BOLT
401,0746V112,BOLT
402,0826V039,BOLT
403,0826V079,BOLT
404,0826V123,BOLT
405,0826V124,BOLT
406,0846V122,BOLT
407,0860V073,BOLT
408,1020Z7975,BOLT
409,20H2337D27,BOLT
410,20N589D2F1,BOLT
411,20P1734,BOLT
412,20P1857D606,BOLT
413,20P844D2,BOLT
414,20Q260D584,BOLT
415,20Q260D779,BOLT
416,20T7926,BOLT
417,20T8018,BOLT
418,20T8354D10,BOLT
419,20Z1703D100,BOLT
420,20Z2118D3,BOLT
421,3406Z6,BOLT
422,507553K1,BOLT
423,511430K1,BOLT
424,513652K1,BOLT
425,517561K1,BOLT
426,519802-01,BOLT
427,522628K1,BOLT
428,522831-6,BOLT
429,523016K1,BOLT
430,523021K1,BOLT
431,523040K1,BOLT
432,523813K1,BOLT
433,524616K1,BOLT
434,551916-05,BOLT
435,E4070893,BOLT
436,R22475D1,BOLT
437,R22475D2,BOLT
438,902855K51,BOLT CROWD
439,20Z1414D6,BOLT & NUT SET
440,198759-17,BOLT BEARING L/H
441,198759-16,BOLT BEARING R/H
442,20T7951,BOLT PIN HEAD
443,C116935-01,BOLT ROD
444,20P844D1,BOLT SPECIAL
445,535990-1,BOLT TRANSFER CASE
446,20H2897D8,BOLT
447,15Z549D6,"BOLT, HUB SHOULDER"
448,B007263-01,"BOLT, PAD HOUSING"
449,20P1877D3,"BOLT, ROD"
450,20T9740D5,"BOLT, ROD"
451,20Z2118D4,"BOLT, TEE"
452,B007025-01,"BOLT, FRICTION PLATE"
453,519285-26,"BOLT, L.H.BEARING 1ST"
454,519285-14,"BOLT, R.H.BEARING 1ST"
455,20T10015D1,"BOLT, ROD"
456,C117033-01,"BOLT, ROD"
457,90803D019,BOLT
458,62009232,BOLT
459,526131K1,BOLT
460,527856K1,BOLT
461,721799,BOOM SHEAVE
462,16Z587D1,BOOM BUMPER
463,919N23F2,BOOM POINT ASSEMBLY
464,919J9F3,BOOM POINT ASSY
465,3414J10D2,BOOT
466,3414U9,BOOT
467,711742K2,BOTTOM NUT
468,19N119D1,BOTTOM ROLLER AXLE
469,62043250,BRACKET
470,742529K21,BRACKET
471,15P1185D2F1,"BRACKET, SNUBBER MOUNTING"
472,15P1186D2F1,"BRACKET, SNUBBER MOUNTING"
473,S022470,BRACKET
474,15P1187C1,BRACKET
475,20190190,BRAKE
476,29190107,BRAKE
477,29190166,BRAKE
478,29190167,BRAKE
479,29190169,BRAKE
480,29190191,BRAKE
481,29792302,BRAKE
482,37052043,BRAKE
483,15R12D2,BRAKE
484,15R12D3,BRAKE
485,15R12D4,BRAKE
486,15R12D6,BRAKE
487,15R12D8,BRAKE
488,15R13D1,BRAKE
489,15R13D2,BRAKE
490,15R14D2,BRAKE
491,15R14D3,BRAKE
492,15R14D4,BRAKE
493,15R14D5,BRAKE
494,15R14D8,BRAKE
495,15R55D1,BRAKE
496,15R7,BRAKE
497,15R9D3,BRAKE
498,15R9D4,BRAKE
499,R24170D1,BRAKE
500,R53137D4,BRAKE
501,R56316D2,BRAKE
502,R59846D1,BRAKE
503,R66185D2,BRAKE
504,82135150,BRAKE CHAMBER
505,29190172,"BRAKE DISC, CROWD"
506,29190180,"BRAKE DISC, HOIST"
507,29190189,"BRAKE DISC, PROPEL"
508,29190181,"BRAKE DISC, SWING"
509,15R14D6,"BRAKE DISC, SWING"
510,G5004009,BRAKE DRUM
511,402712,BRAKE HOUSING
512,15N766D2,BRAKE LINING
513,15P1177,"BRAKE PAD, SWING"
514,219686K1,BRAKE SHAFT
515,747072K52,BRAKE SHOE
516,747075K52,BRAKE SHOE
517,915N244F2,BRAKE SHOE
518,15N769,BRAKE SHOE
519,40015508,BRAKE SHOE CYLINDER
520,15J138,BRAKE SHOE FRAME
521,C106213-01,BRAKE SHOE WHEEL
522,3215,BRAKE WHEEL
523,13N344D2,BRAKE WHEEL
524,18Q150,BRAKE WHEEL COUPLING
525,29190175,"BRAKE, CROWD"
526,29190187,"BRAKE, CROWD"
527,15R12D1,"BRAKE, CROWD"
528,15R12D5,"BRAKE, CROWD"
529,15R13D3,"BRAKE, CROWD"
530,15R20D4,"BRAKE, DISC"
531,15R9D1,"BRAKE, DISC"
532,R27275D1,"BRAKE, DISC"
533,R42786D1,"BRAKE, DISC"
534,R53137D1,"BRAKE, DISC"
535,R72439D1,"BRAKE, DISC - CROWD"
536,15R14D1,"BRAKE, DISC - SWING"
537,R41760D1,"BRAKE, DISC - CROWD"
538,15R9D2,"BRAKE, DISC - HOIST"
539,R41894D1,"BRAKE, DISC - HOIST"
540,R42784D1,"BRAKE, DISC - PROPEL"
541,29190171,"BRAKE, HOIST"
542,29190174,"BRAKE, HOIST"
543,29190183,"BRAKE, HOIST"
544,29190188,"BRAKE, HOIST"
545,29193183,"BRAKE, HOIST"
546,15R19D2,"BRAKE, HOIST"
547,15R7D1,"BRAKE, HOIST"
548,R56316D1,"BRAKE, HOIST"
549,R66185D1,"BRAKE, HOIST"
550,29190177,"BRAKE, PROPEL"
551,29190190,"BRAKE, PROPEL"
552,15R15D6,"BRAKE, PROPEL"
553,15R15D7,"BRAKE, PROPEL"
554,29190176,"BRAKE, SWING"
555,29190179,"BRAKE, SWING"
556,29190181,"BRAKE, SWING"
557,29190184,"BRAKE, SWING"
558,15R11D2,"BRAKE, SWING"
559,15R11D4,"BRAKE, SWING"
560,15R11D5,"BRAKE, SWING"
561,15R12D7,"BRAKE, SWING"
562,5J6D1,BUSHING
563,25N369,RETAINER
564,62027931,BREAKER
565,R13078D1,BREATHER
566,18P4008,RETAINER
567,18P4009,RETAINER
568,282748,COMPONENT
569,401711,COMPONENT
570,402505,COMPONENT
571,2997733,COMPONENT
572,283133A,COMPONENT
573,401553A3,COMPONENT
574,401984B,COMPONENT
575,401986B,COMPONENT
576,401987B,COMPONENT
577,402015BA,COMPONENT
578,402016BA,COMPONENT
579,402176B,COMPONENT
580,402255B,COMPONENT
581,402506A17,COMPONENT
582,402515B,COMPONENT
583,742293-02,COMPONENT
584,402516B,BUSHING
585,402689AB2,BUSHING
586,402690AB30,BUSHING
587,521985K1,BUSHING
588,519788N1,BUSHING
589,519788N1 OS,BUSHING
590,519789N1,BUSHING
591,521644K1,BUSHING
592,605201,WASHER
593,15038798,BRUSH
594,62036512,BRUSH
595,73Z26,BRUSH
596,573F236C1,BRUSH BLOCK
597,62031669,BRUSH CG
598,4704789,BRUSH CG
599,100Z129553,BRUSH
600,73Q8,BRUSH HOLDER
601,9573F73-21,BRUSH HOLDER ASSEMBLY
602,9573F73-25,BRUSH HOLDER ASSEMBLY
603,15030829,BRUSH PM
604,4604539,BRUSH PM
605,62011106,BRUSH SG
606,4149211,BRUSH SG
607,73Q14D4,BRUSH
608,73Q2D4,BRUSH
609,73Q14D17,"BRUSH, CARBON"
610,73Q14D2,"BRUSH, CARBON"
611,73Q2D17,"BRUSH, CARBON"
612,73Q2D38,"BRUSH, CARBON"
613,73Q14D5,"BRUSH, CARBON"
614,513856K1,BUCKET PIN
615,82020258,BUFFER BLOCK
616,16Z143D16,BUFFER BLOCK
617,16Z709,BUFFER BLOCK
618,62031332,BULB
619,G5002005,BULL GEAR
620,G5002018,BULL GEAR
621,915J48F5,BUMPER ASSEMBLY
622,D022007-02,BUMPER ASSEMBLY (LEFT)
623,D022007-01,BUMPER ASSEMBLY (RIGHT)
624,16Z587D4,"BUMPER, BOOM"
625,S007778,"BUMPER, LEVER UPPER STOP"
626,82059665,"BUMPER, RUBBER"
627,527966K1,BUSHING
628,532323K1,BUSHING
629,519312,BUSHING
630,0145BXE,BUSHING
631,15N729,BUSHING
632,18?3053,BUSHING
633,18?3054,BUSHING
634,18?9272,BUSHING
635,18J309D2,BUSHING
636,18P4302,BUSHING
637,18T2737,BUSHING
638,25P1239,BUSHING
639,403662A,BUSHING
640,5?327D1,BUSHING
641,5?327D2,BUSHING
642,506888K1,BUSHING
643,506889K1,BUSHING
644,507215K1,BUSHING
645,507480K1,BUSHING
646,507482K1,BUSHING
647,509779K1,BUSHING
648,513627K1,BUSHING
649,513628K1,BUSHING
650,513629K1,BUSHING
651,514863K1,BUSHING
652,514864K1,BUSHING
653,514983K1,BUSHING
654,515026K1,BUSHING
655,515821K1,BUSHING
656,516812K1,BUSHING
657,519259K1,BUSHING
658,519260K1,BUSHING
659,519264K1,BUSHING
660,519686K1,BUSHING
661,521336K1,BUSHING
662,521627K1,BUSHING
663,521628K1,BUSHING
664,522377K1,BUSHING
665,523630K1,BUSHING
666,525291K1,BUSHING
667,525311-1,BUSHING
668,526950K1,BUSHING
669,527965K1,BUSHING
670,527966K1,BUSHING
671,528724K1 OS,BUSHING
672,528725K1,BUSHING
673,528725K1 OS,BUSHING
674,528726K1,BUSHING
675,528726K1,BUSHING
676,528726K1 OS,BUSHING
677,528727K1,BUSHING
678,528727K1 OS,BUSHING
679,5287285K1,BUSHING
680,528780K1,BUSHING
681,529051K1,BUSHING
682,529052K1,BUSHING
683,541861K1,BUSHING
684,541870K1,BUSHING
685,551204-01,BUSHING
686,5N66D1,BUSHING
687,5P130,BUSHING
688,5P132,BUSHING
689,5P133,BUSHING
690,5P134,BUSHING
691,5P159,BUSHING
692,5P164,BUSHING
693,5P167,BUSHING
694,5P170,BUSHING
695,5P171,BUSHING
696,5P173,BUSHING
697,5P174,BUSHING
698,5P175D1C2,BUSHING
699,5P207,BUSHING
700,5P208,BUSHING
701,5P222,BUSHING
702,5P223,BUSHING
703,5P242,BUSHING
704,5P290D13,BUSHING
705,5P290D6,BUSHING
706,5P292,BUSHING
707,5P292D3,BUSHING
708,5P293D4,BUSHING
709,5P299D10,BUSHING
710,5P300D9,BUSHING
711,5P301D3,BUSHING
712,5P326D1,BUSHING
713,5P327D1,BUSHING
714,5P327D2,BUSHING
715,5P3284,BUSHING
716,5P332D1,BUSHING
717,5P58,BUSHING
718,5P61,BUSHING
719,5P86,BUSHING
720,5P87,BUSHING
721,5P88,BUSHING
722,5P89,BUSHING
723,5Q32,BUSHING
724,5T2340,BUSHING
725,5T2528C341,BUSHING
726,5T2747,BUSHING
727,5T2788,BUSHING
728,5T2865,BUSHING
729,5T2866,BUSHING
730,5T2887,BUSHING
731,5T2892,BUSHING
732,5T2893,BUSHING
733,5T2895,BUSHING
734,5T2897,BUSHING
735,5T2898,BUSHING
736,5T2912,BUSHING
737,5T2928,BUSHING
738,5T2963,BUSHING
739,5T2972,BUSHING
740,5T2977D1,BUSHING
741,5T3020,BUSHING
742,5T3027,BUSHING
743,5T3037,BUSHING
744,5T3062,BUSHING
745,5T3079,BUSHING
746,5T3080,BUSHING
747,5T3115,BUSHING
748,5T3161,BUSHING
749,5T3167,BUSHING
750,5T3168,BUSHING
751,5T3212,BUSHING
752,5T3213,BUSHING
753,5T3214,BUSHING
754,5T3215,BUSHING
755,5T3216,BUSHING
756,5T3217,BUSHING
757,5T3284,BUSHING
758,5T3286,BUSHING
759,5T3287,BUSHING
760,5T3324,BUSHING
761,5T3349,BUSHING
762,5T3350,BUSHING
763,5T3375D6C1,BUSHING
764,5Z320,BUSHING
765,5Z488,BUSHING
766,644079-06,BUSHING
767,B004604-02,BUSHING
768,B005730-01,BUSHING
769,B006330-05,BUSHING
770,B006567-01,BUSHING
771,E4027093,BUSHING
772,G5001058,BUSHING
773,G5001063,BUSHING
774,G5001066,BUSHING
775,G5001071,BUSHING
776,MP600368,BUSHING
777,MP600375,BUSHING
778,R26852D4,BUSHING
779,R37040D6,BUSHING
780,R37042D1,BUSHING
781,R37042D11,BUSHING
782,R37042D7,BUSHING
783,R37042D8,BUSHING
784,R38356D1,BUSHING
785,5P175D1,BUSHING
786,R41261D1,BUSHING
787,R42821,BUSHING
788,R42821D9,BUSHING
789,R43476D2,BUSHING
790,R44854D2,BUSHING
791,R48764D1,BUSHING
792,R49123D1,BUSHING
793,R50790D3,BUSHING
794,R53166D2,BUSHING
795,R53319D1,BUSHING
796,R53319D2,BUSHING
797,R53319D3,BUSHING
798,R54431D1,BUSHING
799,R56119D1,BUSHING
800,R56119D2,BUSHING
801,R7719D1,BUSHING
802,R7719D3,BUSHING
803,S006607,BUSHING
804,S006608,BUSHING
805,S007749,BUSHING
806,S032738,BUSHING
807,25Z1253,BUSHING
808,516006K1,BUSHING
809,516007K1,BUSHING
810,516026K1,BUSHING
811,516729K1,BUSHING
812,5P172,BUSHING
813,5T2748,BUSHING
814,5T3363,BUSHING
815,B006347-01,BUSHING
816,B006347-07,BUSHING
817,5P291D7,BUSHING
818,5T2787,BUSHING
819,S007596,BUSHING (PADLOCK)
820,18P8662D1,"BUSHING, IDLER ROLLER"
821,C117575-01,BUSHING DIPPER DOOR
822,C117575-02,BUSHING DIPPER DOOR PIN
823,C108325-01,BUSHING DIPPER HANDLE
824,516811K1,BUSHING FOOFPING BOOM
825,C112785-01,BUSHING LOWER ROLLER
826,605621K1,BUSHING SHEAVE
827,5P301D11,"BUSHING, BAIL LUG"
828,R48838D2,"BUSHING, BAIL LUGS"
829,5P109,"BUSHING, DIPPER"
830,528725K1,"BUSHING, DRIVE TUMBLE"
831,5P301D5,"BUSHING, EAR LUG PINS"
832,519241K1,"BUSHING, END PIN"
833,5T3375D1C1,"BUSHING, FRONT GANTRY LUG"
834,632453K1,"BUSHING, FRONT-UPPER"
835,5P269D1,"BUSHING, HARDENED"
836,5P269D2,"BUSHING, HARDENED"
837,R5181D1,"BUSHING, IDLER ROLLER"
838,528794K1,"BUSHING, IDLER-FRONT"
839,5J6D1C1,"BUSHING, INBOARD"
840,528728K1,"BUSHING, LOWER"
841,5J7D1C1,"BUSHING, OUTBOARD"
842,528724K1,"BUSHING, OUTER"
843,5P291D4,"BUSHING, PITCH BRACE"
844,5T3375D2C1,"BUSHING, REAR GANTRY LUG"
845,644093-01,"BUSHING, REVOLVING FRAME"
846,5P175,"BUSHING, ROLLER"
847,5Z468D2,"BUSHING, ROLLER"
848,R38356D1,"BUSHING, ROLLER"
849,R53515D1,"BUSHING, ROLLER"
850,516733K2,"BUSHING, SHAFT"
851,527968K1,"BUSHING, SHAFT FRONT"
852,B006619-01,"BUSHING, SHAFT GUIDE DRIVE TUMBLER"
853,523651K1,"BUSHING, SHAFT-SIDE"
854,74229302,"BUSHING, SHEAVE"
855,C103592-02,"BUSHING, SHEAVE"
856,18J309D1,"BUSHING, SLEEVE"
857,B005713-01,"BUSHING, UPPER IDLER"
858,B006330-06,"BUSHING, ANCHOR"
859,R26852D11,"BUSHING, BAIL LUG"
860,642900-02,"BUSHING, CENTER PINTLE"
861,R51154D11,"BUSHING, DOOR"
862,R42821D5,"BUSHING, DOOR AND HANDLE LUGS"
863,R42821D3,"BUSHING, DOOR LUGS"
864,B006330-04,"BUSHING, FRICTION PLATE"
865,644079-03,"BUSHING, HANDLE END BRACE"
866,S025565,"BUSHING, HOIST PEDESTAL"
867,S025566,"BUSHING, HOIST PEDESTAL"
868,R32311D1,"BUSHING, IDLER ROLLER"
869,C108325-05,"BUSHING, INNER"
870,B005731-01,"BUSHING, MANGANESE(FRAME LINK PIN)"
871,B005732-01,"BUSHING, MANGANESE(PADLOCK SHEAVE)"
872,B005729-01,"BUSHING, MANGANESE(SHEAVE PIN)"
873,R51999D1,"BUSHING, OUTBOARD"
874,R26909D10,"BUSHING, PITCH BRACE LUGS"
875,C108325-04,"BUSHING, PITCH BRACE PIN"
876,551203-01,"BUSHING, SADDLE BLOCK"
877,R37042D1,"BUSHING, DOOR LUG"
878,62027850,BUTTON
879,62026725,CABLE
880,728693-2,CAGE
881,738693-1,CAGE
882,10N588,CAP
883,25J177D1,CAP
884,25J177D2,CAP
885,25P1010,CAP
886,508211K52,CAP
887,572F413,CAP
888,572F551,CAP
889,572F414,CAP BEARING
890,572F415,CAP BEARING
891,18P4053,CAP END
892,18P4054,CAP END
893,18P4055,CAP END
894,507552K1,CAP HUB
895,0626V133,CAP SCREW
896,0626V134,CAP SCREW
897,0626V168,CAP SCREW
898,20T830D5,CAP SCREW
899,20T8377D20,CAP SCREW
900,3291800,CAP SCREW
901,0740V012,CAP SCREW
902,R5808D2,"CAP, AIR"
903,25N818D1,"CAP, BEARING"
904,14Z5D2,"CAP, BREATHER"
905,25P1347D1,"CAP, END"
906,25P1348D1,"CAP, END"
907,R5808D3,"CAP, FLUID"
908,44Z992D5,"CAP, PIPE"
909,18H3892D103,"CAP, RETAINER"
910,C110597-01,"CAP, END"
911,84Q10D1,CAPACITOR
912,84Q4D4,"CAPACITOR, ASSEMBLY"
913,R85588D1,"CAPACITOR, ASSEMBLY"
914,15Z549D3,CAPSCREW
915,25N820D1,"CAPSULE, BEARING"
916,25N821D1,"CAPSULE, BEARING"
917,15030829,CARBON BRUSH
918,15030831,CARBON BRUSH
919,15030832,CARBON BRUSH
920,15037870,CARBON BRUSH
921,15038816,CARBON BRUSH
922,15045568,CARBON BRUSH
923,15045873,CARBON BRUSH
924,62000503,CARBON BRUSH
925,62000509,CARBON BRUSH
926,62011105,CARBON BRUSH
927,62011106,CARBON BRUSH
928,3616445220,CARBON BRUSH
929,573F179D5,CARBON BRUSH
930,573F179D9,CARBON BRUSH
931,73F122D23,CARBON BRUSH
932,73Q10D3,CARBON BRUSH
933,73Q2D27,CARBON BRUSH
934,73Q2D4,CARBON BRUSH
935,73Z24,CARBON BRUSH
936,73Z25,CARBON BRUSH
937,R56287D41,CARBON BRUSH
938,R56287D43,CARBON BRUSH
939,R56287D51,CARBON BRUSH
940,73Q15D5,CARBON BRUSH - RH SWING
941,573F179D5,CARBON BRUSH - RH SWING
942,622507K1,SHAFT
943,22J1720,CARRIER
944,901J55F2,"CARRIER, 2ND REDUCTION"
945,901J56F3,"CARRIER, 3RD REDUCTION"
946,532408-01,"CARRIER, BEARING"
947,R43483D1,"CARRIER, SEAL"
948,901J56F2,"CARRIER, THIRD REDUCTION"
949,B005490-01,"CARRIER, SEAL R.H."
950,859483K1,CASE GEAR
951,11J2752D2,CATWALK
952,11J2753D2F1,CATWALK
953,911J177F3,CATWALK & HANDRAIL (LH)
954,911J176F3,CATWALK & HANDRAIL (RH)
955,12Z536,C-CLAMP
956,12P886,"C-CLAMP, FLUTED"
957,R44764D27,CENTER PLATE
958,R44764D62,CENTER PLATE
959,52274255,CHAIN
960,20Z875D276,CHAIN
961,20Z373D276,CHAIN
962,20Z1848D2,CHAIN
963,20Z1848D1,CHAIN
964,20Z1848D3,CHAIN
965,920P113-1,CHAIN ASM.
966,3420R7D1,CHAIN ASSY TRIP
967,20Z1179,CHAIN ROLLER
968,20Z875D276,CHAIN ROLLER
969,34549575,"CHAIN, PROPEL"
970,920P113F1,"CHAIN, TRIP"
971,C104459-06,CHOCK
972,D015554-06,CHOCK BAR
973,A003152-01,"CHOCK, SQ"
974,R17563F1,"CIRCLE ASSEMBLY, ROLLER"
975,62027807,CIRCUIT BREAKER
976,516142K1,CLAMP
977,MP262249,CLAMP
978,30T37D3,CLAMP ROPE WITH END
979,S025826,"CLAMP, BEARING"
980,611058K1,CLUTCH
981,711885K3,CLUTCH
982,R5808D7,CLEANOUT ASSEMBLY
983,15N678D2-1,CLUTCH
984,15N705,CLUTCH
985,15N730,CLUTCH
986,10N563F1,CLUTCH SHAFT
987,10N483,CLUTCH SHAFT ASS SHAFT
988,910J403,CLUTCH SHAFT ASSY
989,274625,CLUTCH SPIDER
990,B002679-01,CLUTCH SPLINE HOUSING
991,15N718,"CLUTCH, FEMALE"
992,15N716,"CLUTCH, MALE"
993,1075Z1231,COIL
994,62001014,"COIL, SOLENOID"
995,1018Z12874,COLLAR
996,1020Z11008,COLLAR
997,18P4154,COLLAR
998,18P8491,COLLAR
999,18P8491-G,COLLAR
1000,18T10429,COLLAR
1001,28P3D2,COLLAR
1002,32T802,COLLAR
1003,32T731,COLLAR
1004,508210K51,COLLAR
1005,515929K51,COLLAR
1006,R44764D5,COLLAR
1007,622733K1,COLLAR CLAMP
1008,62013319,COLLAR HOIST BRAKE
1009,745494-01,COLLAR IDLER
1010,C113106-01,COLLAR LOWER ROLLER
1011,2203V106,COLLAR PIN
1012,18P1891,COLLAR SPLIT
1013,A002351-01,"COLLAR, ROLLER RETAINING"
1014,18P8871D1F1,"COLLAR, SPLIT"
1015,1018Z7862,"COLLAR, STOP"
1016,1018Z7863,"COLLAR, STOP"
1017,A002351-01,"COLLAR, ROLLER RETAINING"
1018,18T11351F1,"COLLAR, SPLIT"
1019,R37183F1,"COLLAR, SPLIT"
1020,R53923F1,"COLLAR, SPLIT"
1021,15045838,COMM COIL AND POLE
1022,62003941,COMMUTATOR COIL
1023,39150,COMPONENT
1024,39172,COMPONENT
1025,39220,COMPONENT
1026,200828,COMPONENT
1027,219410,COMPONENT
1028,231654,COMPONENT
1029,234883,COMPONENT
1030,240407,COMPONENT
1031,262723,COMPONENT
1032,273894,COMPONENT
1033,274185,COMPONENT
1034,274316,COMPONENT
1035,277926,COMPONENT
1036,278049,COMPONENT
1037,282416,COMPONENT
1038,282417,COMPONENT
1039,401259,COMPONENT
1040,401757,COMPONENT
1041,401758,COMPONENT
1042,401759,COMPONENT
1043,401830,COMPONENT
1044,402005,COMPONENT
1045,402053,COMPONENT
1046,402105,COMPONENT
1047,402106,COMPONENT
1048,402134,COMPONENT
1049,402137,COMPONENT
1050,402138,COMPONENT
1051,402139,COMPONENT
1052,402141,COMPONENT
1053,402314,COMPONENT
1054,402315,COMPONENT
1055,402435,COMPONENT
1056,402436,COMPONENT
1057,402438,COMPONENT
1058,402439,COMPONENT
1059,402440,COMPONENT
1060,402533,COMPONENT
1061,402722,COMPONENT
1062,402723,COMPONENT
1063,402724,COMPONENT
1064,402725,COMPONENT
1065,403456,COMPONENT
1066,403592,COMPONENT
1067,601706,COMPONENT
1068,603241,COMPONENT
1069,714240,COMPONENT
1070,745355,COMPONENT
1071,745476,COMPONENT
1072,827579,COMPONENT
1073,867579,COMPONENT
1074,2993107,COMPONENT
1075,4019011,COMPONENT
1076,4019012,COMPONENT
1077,4019013,COMPONENT
1078,4019014,COMPONENT
1079,62000077,COMPONENT
1080,62030639,COMPONENT
1081,62032039,COMPONENT
1082,82020257,COMPONENT
1083,95157731,COMPONENT
1084,95293460,COMPONENT
1085,10J41F1,COMPONENT
1086,11J2613,COMPONENT
1087,16N766D2,COMPONENT
1088,182498D135,COMPONENT
1089,18P3961,COMPONENT
1090,18P8720D1,COMPONENT
1091,18T1124F1,COMPONENT
1092,18T14140D3,COMPONENT
1093,18T7430,COMPONENT
1094,18T8853,COMPONENT
1095,18T9274,COMPONENT
1096,19F66D19,COMPONENT
1097,19P305,COMPONENT
1098,19P306,COMPONENT
1099,19P624D1,COMPONENT
1100,19T6489D1,COMPONENT
1101,1J135,COMPONENT
1102,1N1026,COMPONENT
1103,1N1293,COMPONENT
1104,1N1305,COMPONENT
1105,20P1272,COMPONENT
1106,20P844D3,COMPONENT
1107,20T8468,COMPONENT
1108,20T9921C1,COMPONENT
1109,20Z1128,COMPONENT
1110,20Z1240D6,COMPONENT
1111,20Z1245D6,COMPONENT
1112,273939A,COMPONENT
1113,38100-38101,COMPONENT
1114,38U108,COMPONENT
1115,3T29,COMPONENT
1116,3V36,COMPONENT
1117,402014B,COMPONENT
1118,42736D,COMPONENT
1119,44Z1169D2,COMPONENT
1120,44Z1169D3,COMPONENT
1121,44Z1169D4,COMPONENT
1122,506918K2,COMPONENT
1123,511430-K1,COMPONENT
1124,516816K1,COMPONENT
1125,516817K1,COMPONENT
1126,526243K1,COMPONENT
1127,527965KNO,COMPONENT
1128,549876-01,COMPONENT
1129,5N60D1,COMPONENT
1130,5N64,COMPONENT
1131,5N65,COMPONENT
1132,5N825D2F1,COMPONENT
1133,5P142D5,COMPONENT
1134,5P150,COMPONENT
1135,5P151,COMPONENT
1136,5P175D1,COMPONENT
1137,5P292D9,COMPONENT
1138,613569K1,COMPONENT
1139,615562K1,COMPONENT
1140,615564K21,COMPONENT
1141,622504K2,COMPONENT
1142,622778K1,COMPONENT
1143,642299K51,COMPONENT
1144,711802K21,COMPONENT
1145,711884K2,COMPONENT
1146,716971K21,COMPONENT
1147,718848K1,COMPONENT
1148,721582K1,COMPONENT
1149,724045K1,COMPONENT
1150,727262N1,COMPONENT
1151,745344K1,COMPONENT
1152,75Z757D9,COMPONENT
1153,819946K51A,COMPONENT
1154,821906K1,COMPONENT
1155,825953K52,COMPONENT
1156,854920K21,COMPONENT
1157,890495-2,COMPONENT
1158,918N48F2,COMPONENT
1159,A005161-02,COMPONENT
1160,A005162-02,COMPONENT
1161,B003754-01,COMPONENT
1162,B005413-02,COMPONENT
1163,B005443-01,COMPONENT
1164,C100847K51,COMPONENT
1165,C103651-02,COMPONENT
1166,C108037-01,COMPONENT
1167,C109434,COMPONENT
1168,C109826-01,COMPONENT
1169,C109874-01,COMPONENT
1170,D018191-01,COMPONENT
1171,E013664K51,COMPONENT
1172,R10878D3,COMPONENT
1173,R13918D51,COMPONENT
1174,R44033D1,COMPONENT
1175,R44764D17,COMPONENT
1176,1051Z106,COMPRESSOR
1177,51Z559D1,COMPRESSOR
1178,62036450-1/2,COMPRESSOR
1179,62036450-2/2,COMPRESSOR RACK
1180,C109630-01,CONNECTION BOARD
1181,62003708,CONTACT
1182,12091494,CONTACTOR
1183,62027866,CONTACTOR
1184,62027932,CONTACTOR
1185,62028994,CONTACTOR
1186,79Q725D1,"CONTACTOR ASSEMBLT, ARMATURE"
1187,18P4325D1,SLEEVE
1188,18J316D1,SLEEVE FOUNDATION RING
1189,18J317D1,SLEEVE FOUNDATION RING
1190,16P1893,CAP END
1191,2201V137,COTTER PIN
1192,2201V1S0,COTTER PIN
1193,2201V590,COTTER PIN
1194,2201V625,COTTER PIN
1195,3901714,COUPLING
1196,39088030,COUPLING
1197,18?3178,COUPLING
1198,18Q64,COUPLING
1199,18Z1421,COUPLING
1200,918N10F1,COUPLING
1201,34100N505,COUPLING
1202,20H2329D6,COUPLING BOLT
1203,3418P-97,COUPLING HALF
1204,3418P-98,COUPLING HALF
1205,18N2391D1,COUPLING HALF
1206,3418P97,COUPLING HALF
1207,3418P98,COUPLING HALF
1208,18P3176D1,"COUPLING, HALF"
1209,18P3178,"COUPLING, HALF"
1210,18U271D1,"COUPLING, HALF"
1211,918N46F2,"COUPLING, FLEXIBLE"
1212,18P3176D3,"COUPLING, HALF"
1213,18Q460D1,"COUPLING, HELICAL FLEXIBLE SHAFT"
1214,14P1626,COVER
1215,14P2413D1,COVER
1216,14P2413D2,COVER
1217,622526-1,"COVER, BOTTOM"
1218,B007265-01,"COVER, LOCK NUT"
1219,62222406,"COVER, MESH"
1220,B003456-01,"COVER, MESH"
1221,R44764D16,"COVER, PLATE"
1222,18P3248,CRAWLER DRIVE ASS
1223,R48472D1,CRAWLER SHOE
1224,R48472D3,CRAWLER SHOE
1225,R10297D2,CRAWLER SHOE
1226,R54587D7,CRAWLER SHOE
1227,M94F78,CRAWLER SPROCKET SHAFT
1228,100P1004F21,CRAWLER TRACK ASSY
1229,24J257M1,TRACK PAD
1230,24J259M1,TRACK PAD
1231,R48472D5,TRACK PAD
1232,R57148D3,TRACK PAD
1233,29190172,CROWD BRAKE
1234,462-6797,CROWD BRAKE
1235,1N1138,CROWD GEAR
1236,1N1481,CROWD GEAR
1237,18Q316,CROWD MOTOR COUPLING
1238,616138K1,CROWD MOTOR PINION
1239,11J346002,CROWD PLATFORM(LH)
1240,11J346001,CROWD PLATFORM(RH)
1241,10J47F1,CROWD SHAFT
1242,1J40F1,CROWD SHAFT
1243,G16270033,"CUP BEARING, DUMP BLOCK"
1244,40019400,CYLINDER
1245,62000489,CYLINDER
1246,62009227,CYLINDER
1247,1037Z368,CYLINDER
1248,1038Z368,CYLINDER
1249,R44764D60,CYLINDER
1250,R44764D25,CYLINDER
1251,11292V,"CYLINDER, AIR"
1252,40004404,"CYLINDER, AIR-HOIST"
1253,1038Z411,"CYLINDER, BRAKE"
1254,1015Z1824,"CYLINDER, BRAKE PISTON"
1255,34038Z3F11,DIAPHRAGM
1256,34038Z3F33,DIAPHRAGM
1257,75Z935D1,DIODE
1258,62032323,BRUSH
1259,R56290F1,DIPPER ATTACHING PINS & SHIMS
1260,R36937F2,DIPPER DOOR
1261,62021523,DISC ASSEMBLY
1262,62027795,DISC ASSEMBLY
1263,62036925,DISC ASSEMBLY PROPEL BRAKE
1264,915N257F1,"DISC BRAKE, CROWD"
1265,62033420,DISC HOIST BRAKE
1266,R44764D8,"DISC, ASSY"
1267,R44764D45,"DISC, ASSY"
1268,1015Z2135,"DISC, BRAKE"
1269,1018Z7624,"DISC, BRAKE"
1270,1018Z7626,"DISC, BRAKE"
1271,1015Z1582,"DISC, BRAKE"
1272,1018Z7265,"DISC, BRAKE DISC ASSY"
1273,1045Z1544,"DISC, BRAKE INER AND OUTER"
1274,1015Z1544,"DISC, BRAKE, DISC ASSY"
1275,15P1215D1,"DISC, FRICTION"
1276,MP040020,"DISC, FRICTION"
1277,15P1195D1,"DISC, FRICTION"
1278,915J147F3,DOOR SNUBBER ASSY
1279,82232300,DOWEL
1280,549978-03,"DOWEL, CENTER LINE ALIGN"
1281,91101-500,DRAG CHAIN SHACKLE
1282,91101-496,DRAG SHACKLE
1283,19F59D34,DRILLED PIN
1284,4J84C2,DRIVE SPROCKET
1285,613552,DRIVE CLUTCH
1286,1J277D1C1,DRIVE GEAR
1287,1J97,DRIVE GEAR
1288,R44764D28,DRIVE RING
1289,R44764D63,DRIVE RING
1290,10J120D2,DRIVE SHAFT
1291,10N586,DRIVE SHAFT
1292,10N685C1,DRIVE SHAFT
1293,910J665F2,DRIVE SHAFT ASSY
1294,910J665F1,"DRIVE SHAFT, CRAWLER"
1295,4J109C341,DRIVE TUMBLER
1296,532514-1,DRIVE TUMBLER
1297,R95284D1,DRIVE TUMBLER
1298,605197K1,DRIVE TUMBLER SHAFT
1299,R44764D10,"DRIVE, STUD"
1300,R44764D46,"DRIVE, STUD"
1301,R44764D47,"DRIVE, STUD"
1302,613552K2,DRIVER
1303,611814K1,DRIVER CRUTSH
1304,61136K21,DRIVING TUMBLER
1305,D021027K61,DRIVING WHEEL
1306,10N520,DRUM SHAFT
1307,1025Z3916,PLATE
1308,91101-525,DUMP BLOCK MOUNTING PIN
1309,91101-524,DUMP CONNECTING RING
1310,91101-505,DUMP LINK
1311,R44764D22,DUST SEAL
1312,R44764D57,DUST SEAL
1313,10P1652,END CAP
1314,G5002044,ECCENTRIC BUSHING
1315,2414V019,ELBOW
1316,0826V049,ELECTRIC MACHINE SCREW
1317,62035094,"ELEMENT, RUBBER"
1318,44Q3D17,END HOSE SWIVEL
1319,44Q63D3,END HOSE SWIVEL
1320,479U167D4,STARTER
1321,12J1163F1,EQUALIZER
1322,R8241F1,"EQUALIZER, GANTRY"
1323,R1941D1,"EXTENSION, SHAFT"
1324,20N148D1,EYE BOLT
1325,15N718C341,FEMALE CLUTCH
1326,62013161,FILTER
1327,62013261,FILTER
1328,46Z349D3,FILTER
1329,46123155,FILTER GEARCASE
1330,10N509,FINAL DRIVE SHAFT
1331,10N570,FINAL DRIVE SHAFT
1332,1N1248,FINAL DRIVE GEAR
1333,1N1112,FINAL DRIVE PINION
1334,10N681,FINAL DRIVE SHAFE
1335,10P1559,FINAL DRIVE SHAFT
1336,1N1247,FINAL PROPEL PINION
1337,15047214,FIRING CIRCUIT MODULE
1338,13J204,FIRST REDUCTION HOIST
1339,1P1224,FIRST REDUCTION GEAR
1340,513654K1,BOLT
1341,513653K1,SCREW
1342,44Z1D6,"FITTING, LUBE 1/4IN"
1343,515738K1,COMPONENT
1344,282726A,FLANGE
1345,282899A,FLANGE
1346,511256K1,FLANGE BUSHING
1347,G5003030,FRAME MAIN
1348,56059375,FRICTION BELT
1349,1150839,FRICTION DISC
1350,62017846,FRICTION DISC
1351,62017887,FRICTION DISC
1352,62036455,FRICTION DISC
1353,15Z528,FRICTION DISC
1354,15Z557F1,FRICTION DISC
1355,62017887-1,FRICTION DISC
1356,E4087269,FRICTION DISC
1357,E4092054,FRICTION DISC
1358,3479Z100D1,FUSE
1359,3479Z100D4,FUSE
1360,3479Z1220,FUSE
1361,3479Z691,FUSE
1362,3479Z789,FUSE
1363,3479Z917,FUSE
1364,390600-1,FUSE
1365,79Z3238D2,FUSE
1366,79Z4104D4,FUSE
1367,R58076D54,FUSE
1368,79Z4033D1,FUSE BOX
1369,3479Z101D1,FUSE HV
1370,20T7156,GASKET
1371,20Z1416D7,GASKET
1372,R5808D6,GASKET
1373,R5808D4,"GASKET, FLUID CAP"
1374,3489Z20,GAUGE
1375,89Z130,GAUGE
1376,89Z46,GAUGE
1377,89Z290,"GAUGE, CONTROL"
1378,711823,GEAR
1379,51220530,GEAR
1380,1J226,GEAR
1381,1J388D1,GEAR
1382,1N1035F1,GEAR
1383,1N1094,GEAR
1384,1N1311,GEAR
1385,1N1530D1,GEAR
1386,4202M93,GEAR
1387,4202M94,GEAR
1388,616875K1,GEAR
1389,627138K1,GEAR
1390,710540-02,GEAR
1391,711325K2,GEAR
1392,711736-K1,GEAR
1393,712159K1,GEAR
1394,715413K1,GEAR
1395,715423K1,GEAR
1396,717735K1,GEAR
1397,808092K2,GEAR
1398,C108661-02,GEAR
1399,D009512-92,GEAR
1400,G5002017,GEAR
1401,G5002425,GEAR
1402,IN1231,GEAR
1403,273758,GEAR
1404,1P1310,GEAR
1405,616998K1,GEAR
1406,617703K2,GEAR
1407,61786K2,GEAR
1408,1J76,GEAR
1409,810308,GEAR PINION
1410,MP600013,"GEAR CASE ASSEMBLY, PROPEL"
1411,711897K1,GEAR CLUTCH
1412,632447K1,GEAR
1413,611797-02,GEAR DRIVING-UPPER
1414,1N1151,GEAR FINAL DRIVE
1415,605571N1,GEAR PINION
1416,273808,GEAR PINION
1417,273895,GEAR PINION
1418,273896,GEAR PINION
1419,274282,GEAR PINION
1420,274315,GEAR PINION
1421,274317,GEAR PINION
1422,278223,GEAR PINION
1423,279072,GEAR PINION
1424,616873K1,GEAR PINION
1425,618924K1,GEAR PINION
1426,619873K1,GEAR PINION
1427,707611K1,GEAR PINION
1428,609052K1,GEAR PINION
1429,611797K2,GEAR PROPEL
1430,710540K2,GEAR PROPEL
1431,1J300D8,GEAR RACK
1432,701J31D1,GEAR RACK
1433,701J31D2,GEAR RACK
1434,701J31D3,GEAR RACK
1435,721582K02,GEAR SHAFT FINAL
1436,1J158,GEAR SHIPPER SHAFT
1437,627773K1,"GEAR, 1ST INT CROWD"
1438,D025644-01,"GEAR, 1ST INTERM, CROWD"
1439,1J117,"GEAR, 1ST REDUCTION"
1440,R51830D1,"GEAR, 1ST REDUCTION"
1441,1N1483,"GEAR, 1ST REDUCTION CROWD"
1442,1J328,"GEAR, 1ST REDUCTION HOIST"
1443,1N1497C2,"GEAR, 1ST REDUCTION SWING"
1444,D025641-01,"GEAR, 2ND INTERMEDIATE"
1445,1N1211,"GEAR, 2ND REDUCTION"
1446,1N1521C1,"GEAR, 2ND REDUCTION CROWD"
1447,R22315D1,"GEAR, 2ND REDUCTION CROWD"
1448,1J124,"GEAR, 3RD REDUCTION"
1449,1J199,"GEAR, HOIST DRUM"
1450,1N1526,"GEAR, HOIST DRUM"
1451,C103735-02,"GEAR, INTERMEDIATE"
1452,730016K2,"GEAR, PROPEL"
1453,710556-04,"GEAR, PROPEL SHAFT"
1454,R6216D1,"GEAR, RING"
1455,1J289D1,"GEAR, SHIPPER SHAFT"
1456,1N1482,"GEAR, SHIPPER SHAFT"
1457,617686K2,"GEAR, SIDE LONG SHAFT"
1458,1P1501,"GEAR, SWING"
1459,627166K2,"GEAR, VERTICAL SHAFT - PINION, HOIST MOTOR"
1460,R22315D1,"GEAR, FIRST REDUCTION, CROWD"
1461,R31817D2,"GEAR, FIRST REDUCTION, HOIST"
1462,R32245D1,"GEAR, HOIST"
1463,1J389D1,"GEAR, INTERMEDIATE, HOIST"
1464,1N1565D1C1,"GEAR, RING"
1465,R31328D1,"GEAR, RING-SWING"
1466,1N1094,"GEAR, SECOND, CROWD"
1467,R40478D1,"GEAR, SHIPPER"
1468,608380K1,GEARS PINIONS
1469,800572,COMPONENT
1470,2993104,COMPONENT
1471,4022751,COMPONENT
1472,401983A,COMPONENT
1473,608255K1,COMPONENT
1474,610987K1,COMPONENT
1475,610988K21,COMPONENT
1476,611099K61,COMPONENT
1477,622504K51,COMPONENT
1478,622505K51,COMPONENT
1479,710608K1,COMPONENT
1480,711730K1,COMPONENT
1481,714219K21,COMPONENT
1482,714231K1,COMPONENT
1483,723107K1,COMPONENT
1484,805904K1,COMPONENT
1485,900750K51,COMPONENT
1486,538987K1,GREEN HORN NUT
1487,538988K1,GREEN HORN NUT
1488,3241,GRID MEMBER
1489,3242,GRID MEMBER
1490,716292K2,GEAR
1491,G5002046,SHAFT
1492,G5003002,GROUP GEAR CASE MACHINERY
1493,610973K51,LOWER ROLLER
1494,12Q173D1-G,GUARD
1495,14N1970D1,GUARD
1496,14N2780,GUARD
1497,14P2418D1,GUARD
1498,706525K21,GUARD HOIST GEAR
1499,C100584-01,GUARD PLATE TAKE UP SYSTEM
1500,18J249D3,"GUDGEON, CENTER"
1501,R14369D1,GUIDE RAIL
1502,30N12,GUIDE CABLE
1503,16T8389D1,GUIDE CABLE RUBBER
1504,16T8339D1,GUIDE CABLE RUBBER
1505,1018Z9337,GUIDE MEMBER
1506,R17736F2,"GUIDE RAIL, CRAWLER FRAME, REAR"
1507,R16294D1,"GUIDE RAIL, FRONT"
1508,R16249D1,"GUIDE RAIL, REAR"
1509,R17736F1,"GUIDE RAIL, CRAWLER FRAME, FRONT"
1510,C115321-01,"GUIDE ROLLER, LOWER"
1511,20Q260D539,CAP SCREW
1512,3406R5D1,HANDLE DOOR
1513,B007355-01,"HANDLE, FRONT LOWER"
1514,R33896F2,HARDWARE KIT
1515,R46143F3,"HARDWARE, LINK PIN"
1516,R46143F4,"HARDWARE, LINK PIN"
1517,20Z646D280,HEX HD. BOLT
1518,20Z894D116,HEX HEAD CAP SCREW
1519,2045V007,HEX NUT
1520,1250494,HIGH PRESSURE FILTER ELEMENT
1521,12N301F1,HEEL BAND CENTRE
1522,23601,HINGE PIN
1523,91101-489,HITCH CHAIN SHACKLE
1524,91101-487,HITCH SHACKLE PIN
1525,730793K1,HOIST GEAR
1526,819843-1,HOIST GEAR
1527,488-8405,HOIST BRAKE
1528,10N369F1,HOIST BRAKE SHAFT
1529,910J248?1,HOIST BRAKE SHAFT ASSY
1530,1N1165,HOIST DRUM GEAR
1531,91101-513,HOIST EQUALIZER PIN
1532,706526,HOIST GEAR GUARD
1533,706527,HOIST GEAR GUARD
1534,706524K21,HOIST GEAR GUARD
1535,805921K1,HOIST PULLDOWN SHAFT
1536,821849K1,HOIST PULLDOWN SHAFT
1537,68502G3331,HOIST ROPE PULLEY
1538,91101-601,HOIST SHACKLE
1539,91101-530,HOIST SOCKET PIN
1540,62039629,HOIST SPEED MOTOR
1541,12749061,HOISTING CONTROLLER
1542,1045Z2350,HOISTING DISC BRAKE SEAL
1543,1045Z2730,HOISTING DISC BRAKE SEAL
1544,62009233,HOISTING SPRING
1545,56Z326D7,HOLDER SCREW
1546,3447Z17,"HORN, AIR"
1547,14N566,HOUSING
1548,642236K21,HOUSING
1549,710660K1,HOUSING
1550,927N92F2,HOUSING
1551,G5004279,HOUSING
1552,614634K1,HOUSING CLUTCH R/H
1553,614634K1,HOUSING R.H. CHUTCH
1554,715477K1,"HOUSING, BEARING"
1555,618759K3,"HOUSING, CLUTCH LH"
1556,1014Z2430,"HOUSING, DRIVE RING"
1557,1014Z2598,"HOUSING, DRIVE RING"
1558,1014Z3227,"HOUSING, DRIVE RING"
1559,14N2898,"HOUSING, SNUBBER"
1560,400731-01,"HOUSING, SWING BRAKE"
1561,C114686-01,"HOUSING, PAD"
1562,14N2926D1,"HOUSING, SNUBBER"
1563,C111952-02,"HOUSING, SPRING"
1564,0626V166,HT BOLT & NUT
1565,20Q260D502,HT BOLT & NUT
1566,9019492,HT LOCK BOLT
1567,18P4471,HUB
1568,915P275-2,"HUB ASSEMBLY, BRAKE"
1569,C113105-01,HUB CAP LOWER ROLLER
1570,622414K1,HUB JAW CLUTCH
1571,82532867,"HUB, BRAKE"
1572,15N784D1,"HUB, BRAKE"
1573,15N784D2,"HUB, BRAKE"
1574,15N784D3,"HUB, BRAKE"
1575,15N785D1,"HUB, BRAKE"
1576,15N786D1,"HUB, BRAKE"
1577,15N786D2,"HUB, BRAKE"
1578,15N787D1,"HUB, BRAKE"
1579,15N788D1,"HUB, BRAKE"
1580,15N812D1,"HUB, BRAKE"
1581,R41893D1,"HUB, BRAKE"
1582,R42785D1,"HUB, BRAKE"
1583,R42787F1,"HUB, BRAKE"
1584,82532843,"HUB, BRAKE DISC"
1585,82532868,"HUB, BRAKE DISC"
1586,82532871,"HUB, BRAKE DISC"
1587,R56323D1,"HUB, BRAKE DISC, HOIST."
1588,718P423D66,"HUB, CENTER"
1589,718P423D74,"HUB, CENTER"
1590,18P8571,"HUB, COUPLING-TRANSMISSION"
1591,15N784D4,"HUB, DISC BRAKE"
1592,915P275F3,"HUB, DISC BRAKE"
1593,915P275F1,"HUB, DISK BRAKE ASSY."
1594,15U110D1,"HUB, HOIST DISC BRAKE"
1595,15T1145,"HUB, SNUBBER"
1596,549973-01,"HUB, SPLINED"
1597,15N784D5,"HUB, BRAKE"
1598,915P275F2,"HUB, SWING BRAKE"
1599,18P8568,"HUB, SWING TRANSMISSION"
1600,82800657,HYDRAULIC JACK
1601,64154023,HYDRAULIC PUMP
1602,13J243D2C1D1,IDLER ASSY
1603,S035584,IDLER ASSY-FRONT
1604,MP211858,IDLER ASSY-REAR
1605,10P1541,IDLER AXLE
1606,913N51F2,IDLER REAR
1607,910J329F3,IDLER SHAFT ASSY
1608,615558K1,IDLER SPUR GEAR
1609,R41233F1,"IDLER, CRAWLER-FRONT"
1610,R54867F1,"IDLER, CRAWLER-REAR"
1611,R48951F1,"IDLER, FRONT"
1612,R54267F1,"IDLER, REAR"
1613,R44764D43,INNER WEAR PLATE
1614,R44764D6,INNER WEAR PLATE
1615,R44717D1,INSERT LATCHKEEPER
1616,R44764D52,INSULATOR
1617,62021512,INSULATOR
1618,62021513,INSULATOR
1619,62021525,INSULATOR
1620,R44764D14,INSULATOR
1621,R44764D2,INSULATOR
1622,17285200,"INSULATOR, COLLECTOR"
1623,G5002019,INTERMED PINION
1624,C111969-01,INTERMEDIATE DISC
1625,26012G2791,INTERMEDIATE GEAR
1626,622777K2,INTERMEDIATE GEAR
1627,721580K1,INTERMEDIATE SHAFT
1628,529299K1,JAW
1629,622976K1,IDLER SHAFT
1630,44Z491D10,JOINT
1631,44Z590D17,JOINT
1632,44Z590D18,JOINT
1633,44Z590D23,JOINT
1634,44Z591D11,JOINT
1635,44Z591D13,JOINT
1636,44Z591D15,JOINT
1637,44Z591D19,JOINT
1638,44Z591D22,JOINT
1639,44Z591D25,JOINT
1640,57892D269,KEEP PLATE
1641,69582B273,KEEP PLATE SPACER
1642,54056500,KEY
1643,20H1182,KEY
1644,20H11D2,KEY
1645,20H1432D4,KEY
1646,20H2993D26,KEY
1647,20H2995D29,KEY
1648,20H2995D30,KEY
1649,20H2995D34,KEY
1650,20H2996D22,KEY
1651,20H2996D45,KEY
1652,20H2996D49,KEY
1653,20H3034D35,KEY
1654,20H3046D28,KEY
1655,20H3609D26,KEY
1656,20H4384D35,KEY
1657,S025504,KEY PROPEL BRAKE COUPLING
1658,20T10042,"KEY, LOCKING"
1659,A000496-01,"KEY, COUPLING"
1660,R4418F1,"KIT, FOUR PLANET GEARS"
1661,R15585F1,"KIT, SHOE LINK PIN HARDWARE"
1662,929J2F1,LADDER
1663,11T11091F1,LADDER (BOOM)
1664,R17102F11,LAMP SUPPORT
1665,R17102F12,LAMP SUPPORT
1666,12N595D1,LATCH BAR
1667,12P887D1,LATCH BAR
1668,12Z623,LATCH BAR
1669,S035694,LATCH BAR INSERT PLATE
1670,B008793-01,LATCH KEEPER INSERT
1671,12Z617,LATCH LEVER
1672,S007554,LATCH LEVER
1673,16Z862,"LATCH, BUMPER"
1674,12U103D1-G,LEFT CORNER
1675,R37658D2-G,LEFT CORNER
1676,6N58601F2,LEVER ASSLY
1677,100N2633F1,LEVER ASSY TRIP
1678,6N525D2F1,LEVER ASSY. (LHS)
1679,6N525D1F1,LEVER ASSY. (RHS)
1680,12P888D5,LEVER LATCH
1681,6J50D1,"LEVER, DIPPER TRIP"
1682,6N506D2F2,"LEVER, INTERLOCK, LH"
1683,12N616D1,"LEVER, LATCH"
1684,R54891F1,"LEVER, LATCH"
1685,3456Z82F-1,LIGHT ASSY
1686,16?8385D2,"LINER, GUIDE"
1687,16T8385D1,"LINER, GUIDE"
1688,16T8385D2,"LINER, GUIDE"
1689,15N725D3,LINING
1690,15N725D4,LINING
1691,27242D254,LINING
1692,27242D256,LINING
1693,B005926-01,"LINING, FRICTION"
1694,62021390,"LINING, HOIST CLUTCH"
1695,39602,"LINING, PROPEL CLUTCH"
1696,278767-01,"LINING, SWING BRAKE"
1697,15P1181F1,LINK ARM ASSY
1698,20T4488,LINK CHAIN
1699,R26006D1,LINK HOUSING
1700,19T5609,LINK PIN
1701,19T5611,LINK PIN
1702,G300871,LINK PIN
1703,G5001088,LINK PIN
1704,91101-506,LINK PIN
1705,919N68F4,LINK PIN ASSY
1706,919N78F1,LINK PIN ASSY
1707,16T9198,LINK PLATE
1708,20Z2779D1,LINK RING
1709,12Z676D6,"LINK, CHAIN"
1710,34682800,"LINK, CONNECTING"
1711,S022215,"LINK, CRAWLER"
1712,D017371-02,"LINK, CRAWLER"
1713,R8242F1,"LINK, GANTRY EQUALIZER"
1714,12Z677,"LINK, OBLONG MASTER"
1715,R3409D14,"LINK, PIN"
1716,6N600D4F1,"LINK, SNUBBER"
1717,C111960-01,"LINK, SNUBBER"
1718,829309K1,"LINK, TRACK"
1719,C111947-01,"LINK, SNUBBER"
1720,82600841,LOCK
1721,546540-1,LOCK PIN
1722,18T5440,LOCK RING
1723,18H3910D1H,LOCK WASHER
1724,18Z1D52,LOCK WASHER
1725,3615V017,LOCK WASHER
1726,3615V019,LOCK WASHER
1727,3616V016,LOCK WASHER
1728,62015320,LOCKING WASHER
1729,84280000,LOCKWIRE
1730,721583K53,LOWER FRAME
1731,805177K2,LOWER FRAME
1732,68766515,LOWER CUSHION
1733,91101-503,LOWER DUMP SOCKET
1734,91101-508,LOWER DUMP SOCKET PIN
1735,715389K1,LOWER FRAME
1736,615479K21,LOWER GUIDE
1737,710486K51,LOWER ROLLER
1738,519715K1,LOWER ROLLER SHAFT
1739,19N120D,LOWER ROLLER
1740,C111993-01,"LUG, SNUBBER"
1741,15045812,MAIN COIL AND POLE
1742,92027794,MAIN SPRING
1743,1036Z1560,MAINTENANCE KIT
1744,1045Z3308,MAINTENANCE KIT
1745,BF0286,MAINTENANCE KIT
1746,BF0288,MAINTENANCE KIT
1747,79351030,MEASURING VALVE
1748,79352110,MEASURING VALVE
1749,79363966,MEASURING VALVE
1750,36Z611D2,METERING UPPER
1751,36Z610D4,METERING VALVE
1752,37999,MODIFIED BUCKET
1753,611754K1,MODIFIED STUB SHAFT
1754,809744K1,MOTOR SHAFT
1755,C109784-01,MOTOR PINION
1756,26012G275,MOTOR SHAFT AND PINION
1757,618710,MOTOR SHAFT PINION
1758,12376352,"MOTOR, BLOWER"
1759,12374215,"MOTOR, DIPPER TRIP"
1760,82626759,"MOTOR, PULLDOWN"
1761,R52142F2,"MOUNTING KIT, SNUBBER"
1762,919J40F1,"MOUNTING PIN, HOIST GEAR CASE"
1763,15P1193D2F1,MTG.BRACKET
1764,2419V162,NIPPLE
1765,2420V077,NIPPLE PIPE
1766,R5808F3,"NOZZLE, SPRAY"
1767,203199,NUT
1768,1020Z7563,NUT
1769,2045V005,NUT
1770,2045V012,NUT
1771,20H1516091,NUT
1772,20H1516D,NUT
1773,20H1516D11,NUT
1774,20N83,NUT
1775,20Q270D20,NUT
1776,20Q270D48,NUT
1777,20Q272D20,NUT
1778,20Q274D56,NUT
1779,20Q279D128,NUT
1780,20Q282D32,NUT
1781,20Q284D56,NUT
1782,20Q289D80,NUT
1783,20T10000,NUT
1784,20T5058,NUT
1785,20T7077,NUT
1786,20T9429,NUT
1787,20Z1245D3,NUT
1788,20Z1287D41,NUT
1789,20Z1420D2,NUT
1790,20Z1566D15,NUT
1791,20Z1704D9,NUT
1792,20Z739D14,NUT
1793,20Z926,NUT
1794,520H5880,NUT
1795,619695-1,NUT
1796,624705K1,NUT
1797,B007264-01,NUT
1798,82057209,NUT
1799,1020Z7782,NUT
1800,2045V010,NUT
1801,20N220,NUT ADJUST
1802,20N214,NUT SHIPPER SHAFT
1803,20N303,NUT SWING SHAFT
1804,62010035,NUT STUD
1805,G5002020,NUT TAKE-UP
1806,20N585F1,"NUT, ADJUSTING"
1807,2720100,NUT
1808,20Q270D24,"NUT, HEX"
1809,20Q271D96,"NUT, HEX"
1810,20Z1081D15,"NUT, HEX"
1811,20Q270D80,"NUT, HEX"
1812,20Q271D80,"NUT, HEX"
1813,20Q278D64,"NUT, HEX"
1814,20Q272D64,"NUT, HEX JAM"
1815,2786465,"NUT, LOCK"
1816,1020Z7622,"NUT, LOCK"
1817,20Z1208D10,"NUT, LOCK"
1818,18T16133,"NUT, RETAINER"
1819,62010068,"NUT, STUD"
1820,1020Z7563,"NUT, THREADED PIN"
1821,82637920,"NUT, TORQUE W/WASHER"
1822,MP600348,"NUT, HEX"
1823,20Z1057D10,"NUT, SECURITY"
1824,20Q282D48,"NUT, SLOTTED"
1825,C110567-01,"NUT, SPRING HOUSING BOLT"
1826,80Z990D20,O/L ELEMENT
1827,72104120,OIL SEAL
1828,18F682D267,OIL SEAL
1829,18F682D337,OIL SEAL
1830,18F682D373,OIL SEAL
1831,18Z498D84,OIL SEAL
1832,18Z2210,OIL SLINGER
1833,82582216,OIL WATER SEPARATOR
1834,62039633,OPTICAL ENCODER
1835,1045Z1966,O-RING
1836,1045Z1968,O-RING
1837,4591D164,O-RING
1838,4591D32,O-RING
1839,45Z91D25,O-RING
1840,68147000,O-RING
1841,68147500,O-RING
1842,68147725,O-RING
1843,68147815,O-RING
1844,68147960,O-RING
1845,68148100,O-RING
1846,68148350,O-RING
1847,68148400,O-RING
1848,68148404,O-RING
1849,68148425,O-RING
1850,68767450,O-RING
1851,1018Z7490,O-RING
1852,1045Z2353,O-RING
1853,1045Z2354,O-RING
1854,1045Z2372,O-RING
1855,1045Z2373,O-RING
1856,1045Z2374,O-RING
1857,1045Z2377,O-RING
1858,45Z91D10,O-RING
1859,45Z91D14,O-RING
1860,45Z91D161,O-RING
1861,45Z91D164,O-RING
1862,45Z91D300,O-RING
1863,1045Z2353,O-RING
1864,R44764D56,O-RING
1865,45Z91D32,O-RING
1866,45ZD91D14,O-RING
1867,R44764D19,O-RING
1868,R44764D21,O-RING
1869,R44764D54,O-RING
1870,R44764D56,O-RING
1871,68147705,"O-RING, SLEEVE"
1872,68146300,"O-RING, SLEEVE RH"
1873,1045Z1967,"O-RING, SQUARE"
1874,68454900,"O-RING, SPRING RETAINER"
1875,R44764D7,"OUTER, WEAR PLATE, ASSY"
1876,R44764D44,OUTER WEAR PLATE
1877,980H83-1,P.C ASM
1878,62043249,"PAD, ASSEMBLY"
1879,R17134D1,"PAD, SNUBBER"
1880,82020265,"PAD, SNUBBER ASSY"
1881,62027940,PIEZO RESISTOR
1882,52276,PIN
1883,4061023,PIN
1884,12P885-G,PIN
1885,12P886-G,PIN
1886,12Q169D1-G,PIN
1887,12Q170D1-G,PIN
1888,12Q174D1-G,PIN
1889,12Q175D1-G,PIN
1890,18P4141F1,PIN
1891,18T10425,PIN
1892,18T11083F1,PIN
1893,18T1393,PIN
1894,19F63D,PIN
1895,19F63D105,PIN
1896,19F66D18,PIN
1897,19F71D50,PIN
1898,19F73D,PIN
1899,19F74D39,PIN
1900,19H1435,PIN
1901,19H2098,PIN
1902,19H2100,PIN
1903,19N11,PIN
1904,19N17,PIN
1905,19N6F1,PIN
1906,19P436,PIN
1907,19P518F1,PIN
1908,19P749,PIN
1909,19P753D1,PIN
1910,19P758,PIN
1911,19P758-G,PIN
1912,19P793D13,PIN
1913,19P793D14,PIN
1914,19T4352,PIN
1915,19T4583,PIN
1916,19T5030,PIN
1917,19T5043,PIN
1918,19T5054,PIN
1919,19T5065D5,PIN
1920,19T5096,PIN
1921,19T5417,PIN
1922,19T5580F1,PIN
1923,19T5604F1,PIN
1924,19T5695,PIN
1925,19T6066D3,PIN
1926,19T6403,PIN
1927,19T6425,PIN
1928,19T6438D1,PIN
1929,19T6445,PIN
1930,19T6645,PIN
1931,19Z138D,PIN
1932,19Z253,PIN
1933,20T5753,PIN
1934,20T8594,PIN
1935,3418T438F1,PIN
1936,3419T125F1,PIN
1937,406699B,PIN
1938,500058K1,PIN
1939,506362K1,PIN
1940,506918K3,PIN
1941,513854K1,PIN
1942,513855K1,PIN
1943,525137-03,PIN
1944,531196-11,PIN
1945,535705-1,PIN
1946,619527K21,PIN
1947,637430K1,PIN
1948,836815-07,PIN
1949,A000901-02,PIN
1950,B003163-01,PIN
1951,B003435-02,PIN
1952,C109336-01,PIN
1953,C111965-22,PIN
1954,G5001032,PIN
1955,G5002043,PIN
1956,G5002444,PIN
1957,G5012104,PIN
1958,R35089F1,PIN
1959,R37192F2,PIN
1960,R37775D1-G,PIN
1961,R37776D1-G,PIN
1962,R37828D1-G,PIN
1963,R37829D1-G,PIN
1964,R41470D1,PIN
1965,R44308D1-G,PIN
1966,R499CL,PIN
1967,R499W,PIN
1968,R73846D1,PIN
1969,R77886D1,PIN
1970,S025564,PIN
1971,S051146,PIN & CLAMP ASSY
1972,S035597,PIN & COLLAR ASSY
1973,19F52D44,"PIN, DRILLED"
1974,19F73D53,"PIN, DRILLED"
1975,19F73D89,"PIN, DRILLED"
1976,C117579-45,PIN ASSEMBLY
1977,MP602334,PIN ASSEMBLY
1978,C117579-42,PIN ASSEMBLY DIPPER DOOR
1979,C117579-49,PIN ASSEMBLY DIPPER HANDLE
1980,19P125F1,PIN ASSY.
1981,19P585C1F1,PIN ASSY.
1982,19T5447-C1,PIN BOOM FOOT
1983,528958-1,PIN COLLAR-STEERING
1984,3118720,PIN COTTER
1985,3128200,PIN COTTER
1986,19H1951D22,PIN DOWEL
1987,543489K1,PIN DOWEL
1988,543490K1,PIN DOWEL
1989,G5001070,"PIN, CRAWLER"
1990,619528K21,"PIN, HANDLE"
1991,19T6051,PIN LINK
1992,91101-514,PIN NUT
1993,91101-526,PIN NUT
1994,616274K1,PIN (EQUALIZER)
1995,19T3951,PIN (WITH NUT LOCKING)
1996,19T4994,"PIN, BASE SUPPORT"
1997,529268K1,"PIN, BOOM"
1998,19N32F1,"PIN, BOOM POINT"
1999,19T6057,"PIN, BUMPER"
2000,528927-1,"PIN, COLLAR-LOWER"
2001,19P776D3,"PIN, COMPRESSION MEMBER TO REVOLVING FRAME"
2002,2201V086,"PIN, COTTER"
2003,2201V103,"PIN, COTTER"
2004,2203V035,"PIN, COTTER"
2005,2203V090,"PIN, COTTER"
2006,2203V102,"PIN, COTTER"
2007,2203V103,"PIN, COTTER"
2008,2203V110,"PIN, COTTER"
2009,2203V126,"PIN, COTTER"
2010,2203V135,"PIN, COTTER"
2011,2203V147,"PIN, COTTER"
2012,R3409D15,"PIN, CRAWLER SHOE"
2013,R46093D1,"PIN, CRAWLER SHOE"
2014,R48601D1,"PIN, CRAWLER SHOE"
2015,19Z138D156,"PIN, DOWEL"
2016,19Z138D179,"PIN, DOWEL"
2017,19Z138D70,"PIN, DOWEL"
2018,19F63D108,"PIN, DRILLED"
2019,19F73D62,"PIN, DRILLED"
2020,19F73D86,"PIN, DRILLED"
2021,19F73D88,"PIN, DRILLED"
2022,62009223,"PIN, DRIVE"
2023,62010018,"PIN, DRIVE STUD"
2024,82057206,"PIN, DRIVE STUD"
2025,R7718D2,"PIN, GANTRY LINK/EQUALIZER"
2026,19P776D1,"PIN, GANTRY, ATTACHMENT GROUP"
2027,19P857D1,"PIN, LEVER"
2028,19T6412D2,"PIN, LINK"
2029,637608-01,"PIN, LINK"
2030,A005261-01,"PIN, LINK"
2031,D1407747-01,"PIN, LINK"
2032,19F63D107,"PIN, LOWER ROLLER"
2033,19F63D48,"PIN, LOWER ROLLER"
2034,19N120D1,"PIN, LOWER ROLLER"
2035,R54820D1,"PIN, LOWER ROLLER"
2036,19P772,"PIN, MOUNTING - FRONT"
2037,10P1439,"PIN, REAR IDLER"
2038,19N119D1,"PIN, REAR IDLER"
2039,19N87,"PIN, REAR IDLER"
2040,1019Z1488,"PIN, RETAINER"
2041,19F73D30,"PIN, RETAINER"
2042,19N22,"PIN, ROLLER"
2043,19P768,"PIN, ROLLER"
2044,1019Z1568,"PIN, SEPARATOR"
2045,19T6450,"PIN, SHEAR"
2046,19T6457,"PIN, SHEAR"
2047,19T6455,"PIN, SHEAVE"
2048,522294K1,"PIN, SHEAVE-DIPPER"
2049,R53924F3,"PIN, SNUBBER ARM"
2050,1019Z1547,"PIN, STOP"
2051,R44764D9,"PIN, STOP"
2052,R5720D1,"PIN, SWING GEAR"
2053,1019Z1489,"PIN, THREADED"
2054,1019Z1567,"PIN, THREADED"
2055,19F63D106,"PIN, TRACK ROLLER"
2056,R37190F1,"PIN, BAIL"
2057,2203V055,"PIN, COTTER"
2058,2201V540,"PIN, COTTER"
2059,19N111D2,"PIN, CRAWLER"
2060,R28345D15,"PIN, CRAWLER SHOE"
2061,R2834D15,"PIN, CRAWLER SHOE"
2062,R37192F1,"PIN, DIPPER DOOR"
2063,19P783D8C1,"PIN, DOOR"
2064,R53924F2,"PIN, DOOR MOUNTING"
2065,19Z138D134,"PIN, DOWEL"
2066,19Z138D72,"PIN, DOWEL"
2067,19Z138D76,"PIN, DOWEL"
2068,19H1951D50,"PIN, DOWEL"
2069,R37189F1,"PIN, EQUALIZER"
2070,R52587F1,"PIN, EQUALIZER"
2071,R56226D1,"PIN, EQUALIZER"
2072,19P783D9C1,"PIN, HANDLE"
2073,D015554-07,"PIN, HOUSING BOLT NUT"
2074,C111965-23,"PIN, LINK FRICTION PLATE"
2075,19N106,"PIN, LOWER ROLLER"
2076,19P718,"PIN, LOWER ROLLER"
2077,R54820,"PIN, LOWER ROLLER"
2078,C113151-01,"PIN, PADLOCK"
2079,R37191F1,"PIN, PITCH BRACE DIPPER BACK"
2080,R35089F2,"PIN, PITCH BRACE HANDLE"
2081,R37191F2,"PIN, PITCH BRACE HANDLE"
2082,C115596-01,"PIN, ROUND"
2083,19P848D5,"PIN, SNUBBER"
2084,19P848D6,"PIN, SNUBBER"
2085,19P849D3,"PIN, SNUBBER"
2086,919J47F1,"PIN, SNUBBER MOUNTING"
2087,R53924F1,"PIN, SNUBBER MOUNTING"
2088,R2834D6,"PIN, TRACK SHOE"
2089,273759,PINION
2090,735385,PINION
2091,51217064,PINION
2092,51220578,PINION
2093,51220581,PINION
2094,51220634,PINION
2095,1J290C1,PINION
2096,1J314C2F1,PINION
2097,1J343D2,PINION
2098,1J345D1C1F1,PINION
2099,1J382,PINION
2100,1J71F-1,PINION
2101,1N1274F1,PINION
2102,1N1278,PINION
2103,1N1310,PINION
2104,1N1318,PINION
2105,1N1390,PINION
2106,1N1391F1,PINION
2107,1N1392F1,PINION
2108,1N1537F1,PINION
2109,1P1190,PINION
2110,1P1502,PINION
2111,1P1503,PINION
2112,1P1838,PINION
2113,2N13,PINION
2114,4202M91,PINION
2115,5003001L,PINION
2116,512158K1,PINION
2117,611076K1,PINION
2118,627150K1,PINION
2119,627772K1,PINION
2120,711739-K1,PINION
2121,718777K1,PINION
2122,721581K1,PINION
2123,721587K1,PINION
2124,733785K51,PINION
2125,735692K1,PINION
2126,95F110-D,PINION
2127,G5021247,PINION
2128,IN1278,PINION
2129,IN876,PINION
2130,R24673D2,PINION
2131,R53865D1,PINION
2132,1N1001,PINION
2133,1N1131F1,PINION
2134,1N1493,PINION
2135,1P1386C1,PINION
2136,G5002003,PINION
2137,1J378D1F2,PINION
2138,1J291D1,PINION 3RD
2139,901N37F341,PINION ASSY
2140,2N81,PINION BEVEL
2141,2N122F1,PINION CLUTCH
2142,616872K1,PINION MOTOR
2143,710539K2,PINION PROPEL
2144,613832K1,PINION RACK VERT SHAFT
2145,53U47D1,PINION REDUCER
2146,G5002000,PINION ROTARY DRIVE
2147,1N1274D3F1,PINION SHAFT
2148,1N1443F1,PINION SHAFT
2149,616876K1,PINION SHAFT
2150,617347K1,PINION SHAFT
2151,611767-03,PINION SHAFT-UPPER
2152,632447-01,PINION SHAFT-UPPER
2153,1N1276,PINION SWING
2154,622897K1,PINION SWING
2155,1N1274,PINION SWING TRANS
2156,1J140,"PINION, 1ST REDUCTION CROWD"
2157,1J140F1,"PINION, 1ST REDUCTION CROWD"
2158,R22279F1,"PINION, 1ST REDUCTION CROWD"
2159,1J327,"PINION, 1ST REDUCTION HOIST"
2160,1N1568D1,"PINION, 1ST REDUCTION SWING"
2161,4202M92,"PINION, 2ND INT."
2162,1J307,"PINION, 2ND REDUCTION CROWD"
2163,1N1095D2,"PINION, 2ND REDUCTION CROWD"
2164,1J329,"PINION, 2ND REDUCTION HOIST"
2165,1N1395,"PINION, 3RD REDUCTION"
2166,1P1601,"PINION, 3RD REDUCTION, SUN"
2167,1N1480,"PINION, CROWD 2ND REDUCTION"
2168,1J382D1,"PINION, FINAL PROPEL"
2169,1N1214,"PINION, FINAL PROPEL"
2170,401N9D1,"PINION, HOIST"
2171,730017-2,"PINION, LOWER VERTICAL"
2172,1N1278F1,"PINION, MOTOR"
2173,612775K1,"PINION, MOTOR-SWING"
2174,C117726-01,"PINION, RACK"
2175,710539-02,"PINION, REAR SHAFT"
2176,R10965F2,"PINION, SECOND, CROWD"
2177,1P1502F1,"PINION, SHAFT"
2178,6277772K1,"PINION, SHAFT"
2179,721581K2,"PINION, SHAFT FINAL"
2180,611919K2,"PINION, SIDE SHAFT"
2181,1J339D2,"PINION, SUN, 2ND REDUCTION SWING"
2182,10N697D2,"PINION, SWING"
2183,1N1436,"PINION, SWING"
2184,1N964,"PINION, SWING"
2185,R24673D1,"PINION, SWING"
2186,R56366D1,"PINION, 1ST REDUCTION HOIST"
2187,1J354D1F1,"PINION, CROWD"
2188,R41572F1,"PINION, FIRST, CROWD"
2189,1N1033C1,"PINION, FIRST, HOIST"
2190,1N1035D3F2,"PINION, INTERMEDIATE, HOIST"
2191,C115817-01,"PINION, REEL"
2192,D025643-02,"PINION, SHAFT, 1ST REDUCTION"
2193,1N1490,"PINION, SWING"
2194,R24673D1,"PINION, SWING"
2195,R24674D2,"PINION, SWING"
2196,402150,PINIONS
2197,408253,PINIONS
2198,511994,PIN-ROLLER
2199,MP601281,PIPE
2200,1039Z689,PISTON
2201,1039Z712,PISTON
2202,R44764D13,PISTON
2203,R44764D51,PISTON
2204,1039Z658,PISTON
2205,62010470,PISTON HOIST BRAKE
2206,1039Z657,"PISTON, BRAKE"
2207,1039Z663,"PISTON, BRAKE"
2208,62005710,"PISTON, SWING BRAKE"
2209,1039Z671,"PISTON, DISC"
2210,619500K21,PITCH BIACE
2211,12P1006D2F1,PITCH BRACE
2212,12P1006D2F2,PITCH BRACE
2213,516764K1,PITCH BRACE PIN
2214,S035624,"PITCH BRACE, BSHG, ASSY"
2215,5002010,PIVOT SHAFT
2216,G5003000,PIVOT SHAPT
2217,S007733,PLATE
2218,1018Z7621,"PLATE, PRESSURE"
2219,62017848,PLATE
2220,642779-01,PLATE
2221,D029143-12,PLATE
2222,MP600840,PLATE
2223,MP600841,PLATE
2224,S025563,PLATE
2225,18T10717,PLATE COVER
2226,18T10722,PLATE COVER
2227,18T10723,PLATE COVER
2228,62021524,PLATE CROWD BRAKE
2229,18T10341,"PLATE, SADDLE BLOCK"
2230,62021209,PLATE HOIST BRAKE
2231,18T9827,PLATE KEEPER
2232,18P4990D1,PLATE KEEPER WITH BOLT
2233,29T1858,PLATE LOCK
2234,62043266,PLATE PROPEL BRAKE
2235,62053172,PLATE PROPEL BRAKE
2236,3418N15,PLATE RETAINER
2237,18T17596,PLATE SIDE
2238,C114807-01,PLATE THRUST IDLER
2239,62021208,PLATE WEAR
2240,718P771D34,PLATE
2241,718P771D35,PLATE
2242,12T415,"PLATE, ASSEMBLY"
2243,15Z549D1,"PLATE, BACK"
2244,62021207,"PLATE, CENTER"
2245,62029506,"PLATE, CENTER"
2246,1018Z7623,"PLATE, CENTER"
2247,1015Z1581,"PLATE, CENTER - BRAKE DISC"
2248,1015Z1812,"PLATE, CENTER - BRAKE DISC"
2249,1015Z1545,"PLATE, CENTER-BRAKE DISC"
2250,1014Z2452,"PLATE, COVER"
2251,1014Z2590,"PLATE, COVER"
2252,1018Z7828,"PLATE, DRIVE"
2253,18N2668D1,"PLATE, END"
2254,15Z549D7,"PLATE, HUB BACKING"
2255,18T17780,"PLATE, KEEPER"
2256,18T8493D2,"PLATE, KEEPER"
2257,18T8493D3,"PLATE, KEEPER"
2258,18T9377,"PLATE, KEEPER"
2259,18T9754,"PLATE, KEEPER"
2260,12T415-G,"PLATE, LATCH WEAR"
2261,1015Z1546,"PLATE, PRESSURE"
2262,1018Z7618,"PLATE, PRESSURE"
2263,1018Z7622,"PLATE, PRESSURE"
2264,1045Z1546,"PLATE, PRESSURE"
2265,62021521,"PLATE, PRESSURE, PROPEL BRAKE"
2266,18N2434,"PLATE, RETAINER"
2267,18P8729D1,"PLATE, RETAINER"
2268,18P8729D3,"PLATE, RETAINER"
2269,18T15113,"PLATE, RETAINER"
2270,18T9273,"PLATE, RETAINER"
2271,18T9290D2,"PLATE, SEAL RETAINER"
2272,528795-01,"PLATE, THRUST FRONT"
2273,4219M12,"PLATE, TUBE ANCHOR"
2274,62027799,"PLATE, WEAR"
2275,R52536D2,"PLATE, WEAR"
2276,33P249D1,"PLATE, WEAR, HORIZONTAL"
2277,33P248D1,"PLATE, WEAR, VERTICAL"
2278,1015Z2136,"PLATE, CENTER"
2279,C111969-21,"PLATE, INNER FRICTION"
2280,C116397-21,"PLATE, INNER FRICTION"
2281,1018Z8130,"PLATE, MOUNTING"
2282,18N2537D1,"PLATE, MOUNTING"
2283,18N2568D1,"PLATE, MOUNTING"
2284,C111966-02,"PLATE, OUTER FRICTION"
2285,1015Z2137,"PLATE, PRESSURE"
2286,C111966-03,"PLATE, PRESSURE"
2287,18N2470,"PLATE, RETAINER"
2288,R42334D1,"PLATE, WEAR"
2289,R52536D1,"PLATE, WEAR"
2290,1020Z9355,PLUG
2291,2422V003,"PLUG, COUNTERSUNK PIPE"
2292,20Z2128D2,"PLUG, LUBE"
2293,2421V003,"PLUG, PIPE"
2294,12J1231,"POINT, TOOTH"
2295,1039Z244,POPPET
2296,515285K1,POSITION FIX PIN
2297,980H46-1,POWER SUPPLY
2298,18T9341,PRESS CAP
2299,C109241-01,PRESS CAP
2300,18T11065,PRESS PLATE
2301,C104459-04,PRESSURE PLATE
2302,C104459-05,PRESSURE PLATE
2303,R44764D20,PRESSURE PLATE
2304,R44764D55,PRESSURE PLATE
2305,515788,PROP SHAFT BUSHING
2306,445-3537,PROPEL BRAKE AS
2307,82330316,PROPEL GEAR BOX
2308,12462255,PROPEL MOTOR
2309,R85236D1,PROPEL SHAFT
2310,100J5800F2,PROPEL TRANSMISSION
2311,611068K1,PROPEL GEAR
2312,69582B272,PULLEY SPACER
2313,B005447-01,PULLEY
2314,C106214-01,PULLEY
2315,68502E2781,PULLEY
2316,R35493F6,PULLEY ASSEMBLY
2317,20T9294,PULLEY PIN
2318,37Z207,"PUMP, AIR OPERATED"
2319,1017Z1381,PUSH-TYPE DISC BRAKE SPRING
2320,517F9D4,SPRING
2321,36Z240D12,QUICK RELEASE VALVE
2322,36Z240D8,QUICK RELEASE VALVE
2323,36Z240D9,QUICK RELEASE VALVE
2324,1N1216D2,RACK
2325,1N1216F,RACK
2326,1N1494,RACK
2327,1N1495,RACK
2328,1P1566,RACK
2329,1P566,RACK
2330,1J303D3PS,RACK & RACK PINION
2331,1J348D1,RACK ASSEMBLY
2332,1N1325,RACK ASSEMBLY
2333,610985K1,RACK PINION
2334,621204K1,RACK PINION
2335,1N999,RACK SEGMENT
2336,R52414D1,"RACK, MANGANESE"
2337,1N1039,RACKEND
2338,R499W2,RATCHET
2339,617702K1,REAR SHAFT
2340,644115-01,REAR SHAFT
2341,17227200,RECTIFIER
2342,26012G302,REDUCTION PINION
2343,1N1139,CROWD GEAR
2344,1N1129,GEAR
2345,1N1130,GEAR
2346,513787K1,RETAINER
2347,521855K1,RETAINER
2348,622506K51,RETAINER
2349,89Z182,REGULATOR
2350,89Z289,REGULATOR
2351,89Z428,REGULATOR
2352,79Q40D9,RELAY
2353,62027843,RELAY
2354,79Q1031D3,RELAY
2355,79Z1887D11,RELAY
2356,18P4199,RETAINER
2357,25P885,RETAINER
2358,S006601,"RETAINER, BRG"
2359,12N615D1,RETAINER
2360,18N1089,RETAINER
2361,18N1111,RETAINER
2362,18N1388F1,RETAINER
2363,18N757,RETAINER
2364,18P1949,RETAINER
2365,18P1959,RETAINER
2366,18P1960,RETAINER
2367,18P4040,RETAINER
2368,18P8443,RETAINER
2369,18P8517D2,RETAINER
2370,18T17537,RETAINER
2371,25N560,RETAINER
2372,528998-1,RETAINER
2373,57892B272,RETAINER
2374,57892B273,RETAINER
2375,616160K1,RETAINER
2376,616233K1,RETAINER
2377,900894K51,RETAINER
2378,G500-1018,RETAINER
2379,G5003286,RETAINER
2380,R7804D1,RETAINER
2381,18P4056,RETAINER
2382,18P4057,RETAINER
2383,S006599,RETAINER
2384,18T5437,RETAINER
2385,918N48F1,"RETAINER ASSEMBLY, BUSHING"
2386,14P2546D2,RETAINER BEARING
2387,18P2018,RETAINER BEARING
2388,18P2106,RETAINER BEARING
2389,18P2107,RETAINER BEARING
2390,18P2110D2,RETAINER BEARING
2391,91101-592,RETAINER LOCK
2392,18N1881,RETAINER OIL SEAL
2393,1J228F1,RETAINER RING
2394,513651K1,RETAINER RING
2395,18T176Q4,RETAINER SEAL
2396,C108423-01,RETAINER SHEAVE BOOM POINT
2397,18N1213,"RETAINER, BEARING"
2398,18P2763,"RETAINER, BEARING"
2399,20P1060,"RETAINER, BEARING"
2400,25J215,"RETAINER, BEARING"
2401,25J216,"RETAINER, BEARING"
2402,611750-01,"RETAINER, BEARING"
2403,624852-1,"RETAINER, BEARING"
2404,18T9273D1,"RETAINER, COUPLING HALF MOTOR"
2405,12N577D2,"RETAINER, LATCH BAR"
2406,R73845D1,"RETAINER, LOWER ROLLER"
2407,619592K1,"RETAINER, MOTOR SHAFT"
2408,18P8853D1,"RETAINER, PIN"
2409,C111378-01,"RETAINER, PIN"
2410,529429-1,"RETAINER, PINION"
2411,R5808D1,"RETAINER, RING"
2412,R43482D1,"RETAINER, SEAL"
2413,25J283D1,"RETAINER, SLEEVE"
2414,525248K1,"RETAINER, TRIP MACH"
2415,515723K1,"RETAINER, UPPER PROPEL"
2416,25J263,"RETAINER, BEARING"
2417,25N715,"RETAINER, BEARING"
2418,B005290-01,"RETAINER, BEARING"
2419,B005415-01,"RETAINER, BEARING L.H."
2420,S006601,"RETAINER, BRG HOIST PINION"
2421,C109240-01,"RETAINER, L.H.BEARING"
2422,MP252069,"RETAINER, MACH"
2423,C103752-01,"RETAINER, OIL SEAL"
2424,18P8638D3,"RETAINER, PIN"
2425,B005700-01,"RETAINER, R.H.END"
2426,C108461-01,"RETAINER, SADDLE BLOCK"
2427,C108463-01,"RETAINER, SEAL"
2428,B005426-01,"RETAINER, SHAFT L.H."
2429,B005428-01,"RETAINER, SHAFT L.H."
2430,B004099-01,"RETAINER, SHEAVE"
2431,C108462-02,"RETAINER, SHEAVE BEARING"
2432,C108423-01,"RETAINER, SHEAVE SEAL"
2433,A005151-01,"RETAINER, SNUBBER PADS"
2434,551206-01,"RETAINER, SPRING"
2435,D018813-01,"RETAINER, UPPER BEARING"
2436,544099K1,"RETAINING PIN, ROLLER"
2437,716918K2,RETRACT ROPE
2438,100N2090F3,REVOLVING ROLLER ASSEMBLY
2439,62019365,REVOLVING SPRING
2440,100J5589F1,REVOLVING VERTICAL SHAFT ASSEMBLY
2441,12Q103D2-G,RIGHT CORNER
2442,R37658D1-G,RIGHT CORNER
2443,68148099,RING
2444,88146050,RING
2445,18T5414,RING
2446,57930B253,RING
2447,57930B256,RING
2448,611783K1,RING
2449,733416-10,RING
2450,25P1002,RING
2451,G5013109,RING COUPLING
2452,51078327,RING GEAR
2453,51078330,RING GEAR
2454,860518K1,RING GEAR
2455,1J262,"RING GEAR, 2ND REDUCTION"
2456,1J261,"RING GEAR, 3RD REDUCTION"
2457,62021579,RING HOIST BRAKE
2458,68120420,RING RETAINER
2459,62017894,RING SWING BRAKE
2460,1018Z7625,RING WEAR
2461,29N539,"RING, CARRIER"
2462,1014Z3558,"RING, DRIVE"
2463,1015Z1854,"RING, DRIVE"
2464,62029504,"RING, DRIVING"
2465,538269K1,"RING, OIL SEAL"
2466,611721K1,"RING, OIL SEAL"
2467,611722K1,"RING, OIL SEAL"
2468,62002085,"RING, PISTON INNER"
2469,62009228,"RING, PISTON INNER"
2470,62009229,"RING, PISTON OUTER"
2471,62002086,"RING, PISTON OUTER, SWING BRAKE"
2472,18Z2682D4,"RING, SNAP"
2473,1015Z1547,"RING, WEAR"
2474,1015Z1583,"RING, WEAR"
2475,1018Z7264,"RING, WEAR"
2476,1045Z1547,"RING, WEAR"
2477,R31981D1,"RING, CARRIER"
2478,1018Z7619,"RING, DRIVE"
2479,751400-01,"RING, SPLIT CLAMP"
2480,1015Z2138,"RING, WEAR"
2481,62017887-2,RIVET
2482,18P5696D2,ROD
2483,S015116,ROD
2484,20T9924,ROD BOLT
2485,20T8953D1F1,ROD BOLT ASSEMBLY
2486,20T8953D3F1,"ROD, BOLT ASSEMBLY"
2487,MP252993,"ROD, STRAIGHT"
2488,19T4346,ROLLED
2489,13J151F2,ROLLER
2490,13J211D1F1,ROLLER
2491,13J215F1,ROLLER
2492,13J240D1C1F1,ROLLER
2493,13J243D2C2F1,ROLLER
2494,608120N1,ROLLER
2495,G5000052,ROLLER
2496,G5002015,ROLLER
2497,G5003009,ROLLER
2498,4080251,ROLLER SHAFT
2499,13N285C2F1,ROLLER (IDLER) ASSY
2500,13N285C341F1,ROLLER (IDLER) ASSY
2501,13J151F1,ROLLER ASSEMBLY
2502,13N283C1F1,ROLLER ASSEMBLY
2503,13N315F2,ROLLER ASSEMBLY
2504,913N58F1,ROLLER ASSEMBLY
2505,913J25F3,ROLLER ASSY
2506,913J25F4,ROLLER ASSY
2507,913N46F1,"ROLLER ASSY, LOWER"
2508,C112669-01,ROLLER
2509,407958A,ROLLER BUSHING
2510,100N3121F1,ROLLER CIRCLE ASSEMBLY
2511,627153K1,ROLLER CIRCLE TRACK
2512,622250K51,ROLLER CRRCEL TRACK
2513,R54866F1,"ROLLER LOWER, ASSY"
2514,R35571D1,"ROLLER PATH, LOWER"
2515,R55634D1,"ROLLER PATH, UPPER"
2516,C112670-01,ROLLER PIN
2517,6225081,ROLLER SHAFT RETAINER PIN
2518,13T372,ROLLER
2519,929N30F2,ROLLER TRACK ASSEMBLY
2520,E015056-01,ROLLER
2521,R48781F1,"ROLLER, FRONT"
2522,13J243D3C1F1,"ROLLER, IDLER"
2523,13J245D1C1F1,"ROLLER, IDLER"
2524,13J245D1C1F1-G--1/2,"ROLLER, IDLER"
2525,13J245DC1F1,"ROLLER, IDLER"
2526,R31813F1,"ROLLER, IDLER"
2527,910J653F1,"ROLLER, IDLER, FRONT"
2528,R19768F2,"ROLLER, IDLER, LOWER FRONT"
2529,913N63F1,"ROLLER, IDLER, REAR"
2530,13J185C2F2,"ROLLER, LOWER"
2531,13J238D3C1F1,"ROLLER, LOWER"
2532,C117111-01,"ROLLER, LOWER"
2533,R19768F1,"ROLLER, LOWER"
2534,R48399F1,"ROLLER, LOWER"
2535,R54780F1,"ROLLER, LOWER"
2536,R73848F1,"ROLLER, LOWER"
2537,910J348F3,"ROLLER, ASSEMBLY"
2538,D027288-01,"ROLLER, FRONT IDLER"
2539,13J213F1,"ROLLER, IDLER"
2540,13J214F2,"ROLLER, IDLER"
2541,R14415D5,"ROLLER, IDLER"
2542,R41232F1,"ROLLER, IDLER"
2543,MP263910,"ROLLER, LOAD"
2544,MP263911,"ROLLER, LOAD, ASSEMBLY"
2545,R14900F2,"ROLLER, LOWER"
2546,R19767D2,"ROLLER, LOWER"
2547,MP211219,"ROLLER, REAR IDLER"
2548,R31982D1,"ROLLER, SWING"
2549,E016423-02,"ROLLER, UPPER"
2550,R95284D1,"ROLLERS, PROPEL"
2551,R54897D1,"ROLLERS, PROPEL"
2552,3430R8D3,ROPE
2553,810341K1,ROPE EQUALIZER
2554,854919K21,ROPE EQUALIZER
2555,30Z1D18,ROPE CLAMP
2556,908P44-F2,ROPE SOCKET ASSY
2557,805845K1,ROTARY SHAFT UPPER
2558,72042512,ROTARY STAR
2559,733489K1,ROTARY STAR
2560,711731K1,ROTARY HOB
2561,711734K1,ROTARY HOB
2562,644124,ROTARY SHAFT
2563,825692K1,ROTARY SHAFT
2564,26052-752,ROTATE PINION
2565,26052E359,ROTATE SHAFT
2566,10N395F1,POWER TAKE OFF SHAFT
2567,12Z538,RUBBER
2568,62026453,RUBBER ELEMENT
2569,5T3218,SADDLE BLOCK OUTER
2570,5P95,SADDLE BLOCK BUSHING
2571,5P96,SADDLE BLOCK BUSHING
2572,79199596,SAFETY VALVE
2573,A004696-01,"SCREW, HEX"
2574,MP600740,"SCREW, HEX"
2575,3294640,SCREW
2576,3294720,SCREW
2577,3615700,SCREW
2578,62043254,SCREW
2579,62043255,SCREW
2580,62043256,SCREW
2581,62043257,SCREW
2582,0826V080,SCREW
2583,1020Z7621,SCREW
2584,20P1856D341,SCREW
2585,20P1859D682,SCREW
2586,20Z1703D95,SCREW
2587,20Q260D242,SCREW
2588,62000072,SCREW HOIST BRAKE
2589,62000400,SCREW PISTON
2590,20T9294F1,SCREW ROD ASSEMBLY
2591,20Z1931D24,SCREW ROD PIN
2592,3273160,"SCREW, CAP"
2593,62000407,"SCREW, CAP"
2594,20P1858D404,"SCREW, DR HD CAP"
2595,20P1858D685,"SCREW, DRILLED HD CAP"
2596,20P1859D685,"SCREW, DRILLED HD CAP"
2597,20P1872D617,"SCREW, DRILLED HD CAP"
2598,20P1871D539,"SCREW, DRILLED HEX CAP"
2599,20P1858D541,"SCREW, DRILLED HEX HD CAP"
2600,20P1859D683,"SCREW, DRILLED HEX HD CAP"
2601,20T8354D11,"SCREW, HEX CAP"
2602,1020Z7784,"SCREW, HEX HD"
2603,20Q260D267,"SCREW, HEX HD"
2604,20Q260D513,"SCREW, HEX HD"
2605,20Q259D680,"SCREW, HEX HD CAP"
2606,20Q259D682,"SCREW, HEX HD CAP"
2607,20Q259D735,"SCREW, HEX HD CAP"
2608,20Q260D258,"SCREW, HEX HD CAP"
2609,20Q260D328,"SCREW, HEX HD CAP"
2610,20Q260D329,"SCREW, HEX HD CAP"
2611,20Q260D450,"SCREW, HEX HD CAP"
2612,20Q260D547,"SCREW, HEX HD CAP"
2613,20Q260D624,"SCREW, HEX HD CAP"
2614,20Q260D586,"SCREW, HEX HD CAP"
2615,20Q260D536,"SCREW, HEX HD CAP"
2616,20Q260D543,"SCREW, HEX HD CAP"
2617,20Q260D453,"SCREW, HEX HD CAP"
2618,20P1856D461,"SCREW, HEX HD DR SHANK CAP"
2619,0630V104,"SCREW, HEX SOC HD CAP"
2620,1020Z7564,"SCREW, HEX SOCK HD"
2621,1020Z7620,"SCREW, HEX SOCKET HEAD"
2622,R43027D1,"SCREW, SELF LOCKING"
2623,1020Z7854,"SCREW, SET"
2624,0630V237,"SCREW, SOC HD CAP"
2625,1020Z7785,"SCREW, SOCK HD"
2626,0630V045,"SCREW, SOCKET HD CAP"
2627,3285561,"SCREW, CAP, W/NYLON PATCH"
2628,20Q260D707,"SCREW, HEX HD CAP"
2629,20Q259D685,SCREW
2630,62026717,INTERFACE MODULE
2631,68146415,SEAL
2632,68148327,SEAL
2633,68766481,SEAL
2634,82591930,SEAL
2635,82592675,SEAL
2636,1045Z2375,SEAL
2637,18Z3344D24,SEAL
2638,18Z3344D35,SEAL
2639,18Z3344D36,SEAL
2640,18Z3344D8,SEAL
2641,18Z3344D9,SEAL
2642,18Z3344ZD8,SEAL
2643,18Z498D132,SEAL
2644,4202M1009,SEAL
2645,521910-1,SEAL
2646,521911-1,SEAL
2647,B005437-02,SEAL
2648,B009042-01,SEAL
2649,C109213-01,SEAL
2650,18Z3344D3,"SEAL, V-RING"
2651,18Z3344D4,"SEAL, V-RING"
2652,18Z498D118,SEAL FIRST REDUCTION CROWD
2653,82591665,SEAL MOTOR SHAFT
2654,62002087,SEAL PISTON DUST
2655,G5004043,SEAL SLEEVE
2656,20Z1415D6,SEAL
2657,619948K1,"SEAL, BEARING-MOTOR"
2658,72076450,"SEAL, BRAKE OIL"
2659,B005297-01,"SEAL, L.H SHAFT"
2660,82592050,"SEAL, MOTOR SHAFT"
2661,72077566,"SEAL, OIL"
2662,72375201,"SEAL, OIL"
2663,72382249,"SEAL, OIL"
2664,18F682D246,"SEAL, OIL"
2665,18Z479D82,"SEAL, OIL"
2666,18Z498D75,"SEAL, OIL"
2667,72633706,"SEAL, OIL, PINION"
2668,18Z3460D8,"SEAL, OIL-SPLIT"
2669,62009230,"SEAL, PISTON DUST"
2670,18P8798D1,"SEAL, RETAINER"
2671,82591815,"SEAL, SHAFT"
2672,18Z3344D12,"SEAL, V-RING"
2673,18Z3344D26,"SEAL, V-RING"
2674,18Z3344D32,"SEAL, V-RING"
2675,18Z3344D40,"SEAL, V-RING"
2676,18Z3344D,"SEAL, V-RING"
2677,62031322,SEARCHLIGHT BULB
2678,R40477D1,"SECOND PINION, CROWD"
2679,R37179D3,"SECOND PINION, HOIST"
2680,910J344F3,"SECOND REDUCTION ASSEMBLY, CROWD"
2681,1P1222,SECOND REDUCTION GEAR
2682,R44764D3,SET SCREW
2683,20Z1729,SHACKLE
2684,273900,SHAFT
2685,274283,SHAFT
2686,2766606,SHAFT
2687,39165705,SHAFT
2688,10N1384,SHAFT
2689,10N408,SHAFT
2690,10P1463,SHAFT
2691,10P1465F1,SHAFT
2692,10P1560,SHAFT
2693,10P1736D1,SHAFT
2694,10P462,SHAFT
2695,19P584C1F1,SHAFT
2696,406102-03,SHAFT
2697,528801-1,SHAFT
2698,618938K1,SHAFT
2699,622351K1,SHAFT
2700,68450D3231,SHAFT
2701,15358K2,SHAFT
2702,732851K1,SHAFT
2703,738467K1,SHAFT
2704,B002638-01,SHAFT
2705,D012302-02,SHAFT
2706,D022807-01,SHAFT
2707,G5001062,SHAFT
2708,G5001065,SHAFT
2709,G5003005,SHAFT
2710,R54896D1,SHAFT
2711,1J159F1,SHAFT
2712,C108062-02,SHAFT & PINION
2713,D009511-02,SHAFT & PINION
2714,616876K2,"SHAFT & PINION, 2ND INTERMEDIATE"
2715,703103,SHAFT AND PINION INTERMEDIATE
2716,20P1479F1,SHAFT ASSEMBLY ADAPTER
2717,10P1672F1,SHAFT ASSY
2718,K380055-01,"SHAFT ASSY, 2ND INT CROWD"
2719,10N372F1,"SHAFT ASSY, POWER TAKE OFF"
2720,910J554F1,"SHAFT ASSY, FIRST, CROWD"
2721,617846K1,SHAFT DRUM
2722,G5003013,SHAFT
2723,714228K1,SHAFT L.H. PROPEL
2724,1N1361D2F1,SHAFT PINION
2725,1N876C1F1,SHAFT PINION
2726,1P1219,SHAFT PINION
2727,S025502,SHAFT PROPEL BRAKE COUPLING
2728,714229K1,SHAFT R.H. PROPEL
2729,G5003010,SHAFT SHIPPER
2730,617837,SHAFT SIDE TRANSVERSE
2731,611052K1,SHAFT TAKE UP
2732,4202M98,"SHAFT, 1ST INT. CROWD"
2733,D025642-02,"SHAFT, 1ST INTERM, CROWD MACH"
2734,R51829D1,"SHAFT, 1ST REDUCTION"
2735,R41571F1,"SHAFT, 1ST REDUCTION-CROWD"
2736,E018124-01,"SHAFT, 2ND INT, CROWD"
2737,R40476F2,"SHAFT, 2ND REDUCTION-CROWD"
2738,913N58F2,"SHAFT, CORDUROY IDLER, LOWER"
2739,913N58F3,"SHAFT, CORDUROY IDLER, LOWER FRONT ONLY"
2740,S025492,"SHAFT, CRAWLER"
2741,B006890-01,"SHAFT, DRIVE PROPEL BRAKE COUPLING"
2742,B006891-03,"SHAFT, DRIVE PROPEL BRAKE COUPLING"
2743,711883K1,"SHAFT, DRIVE TUMBLER"
2744,R85236D1,"SHAFT, DRIVE TUMBLER"
2745,10N732,"SHAFT, DRUM"
2746,910J553F2,"SHAFT, FIRST-REDUCTION, CROWD"
2747,910J664F2,"SHAFT, FIRST-REDUCTION, HOIST"
2748,10N752,"SHAFT, HOIST DRUM"
2749,10P1541,"SHAFT, IDLER"
2750,D015199-02,"SHAFT, INPUT"
2751,C108218-01,"SHAFT, INTERMEDIATE"
2752,R1927F1,"SHAFT, INTERMEDIATE HOIST"
2753,R1927F2,"SHAFT, INTERMEDIATE, HOIST"
2754,B007100-01,"SHAFT, LOWER ROLLER"
2755,B007105-01,"SHAFT, LOWER ROLLER"
2756,B007105-02,"SHAFT, LOWER ROLLER"
2757,510E323F1,"SHAFT, MAIN MOTOR"
2758,1N1056,"SHAFT, PINION"
2759,1N1467,"SHAFT, PINION"
2760,R1J323D2,"SHAFT, PINION"
2761,1J159,"SHAFT, PINION"
2762,1J119F1,"SHAFT, PINION - FIRST REDUCTION"
2763,611796K2,"SHAFT, PROPEL UPPER"
2764,730015-1,"SHAFT, PROPEL VERTICAL"
2765,R41413D1,"SHAFT, REAR IDLER"
2766,724031K1,"SHAFT, SHEAVE, BOOM"
2767,10J102,"SHAFT, SHIPPER"
2768,10J62F1,"SHAFT, SHIPPER"
2769,10J108D1,"SHAFT, SHIPPER."
2770,10J101D2,"SHAFT, SWING"
2771,10N605,"SHAFT, SWING"
2772,10N730D2,"SHAFT, SWING"
2773,10P1648,"SHAFT, SWING"
2774,751927-01,"SHAFT, SWING"
2775,C116730-01,"SHAFT, TAKE-UP TUMBLER"
2776,721579K1,"SHAFT, TRANSFER CASE"
2777,R41348F1,"SHAFT, TUMBLER DRIVE"
2778,C117914-01,"SHAFT, UPPER"
2779,C108416-02,"SHAFT, BOOM POINT"
2780,R41263D1,"SHAFT, IDLER"
2781,MP600417,"SHAFT, LOAD ROLLER"
2782,S006592,"SHAFT, PINION"
2783,10J70,"SHAFT, SHIPPER"
2784,100N3083F2,"SHAFT, SWING"
2785,10N699,"SHAFT, SWING"
2786,R41168D1,"SHAFT, SWING"
2787,10J119D2,"SHAFT, TUMBLER"
2788,10J119D3,"SHAFT, TUMBLER, DRIVE"
2789,10N683,"SHAFT, TUMBLER, DRIVE"
2790,10N372-F1,SHAFT ASSEMBLY
2791,G5014005,SHAFT-MAIN/ROTARY
2792,7J10D1,SHAVE
2793,7J33D2,SHAVE
2794,18P1334,SHEAR PLUG
2795,307H56C1,SHEAVE
2796,710763K3,SHEAVE
2797,7J10D2,SHEAVE
2798,7J21,SHEAVE
2799,7J21D1,SHEAVE
2800,7T360F1,SHEAVE
2801,907N31F1,"SHEAVE ASSEMBLY, DIPPER TRIP"
2802,624280K1,SHEAVE BEARING
2803,710763,SHEAVE CROWD
2804,R43784F1,SHEAVE DIPPER TRIP
2805,D022732-02,SHEAVE PADLOCK
2806,7J48,"SHEAVE, BELT DRIVE"
2807,721799K1,"SHEAVE, BOOM POINT"
2808,R1798D1,"SHEAVE, CROWD BELT"
2809,MP255621,SHEAVE
2810,1045Z2376,SHIELD
2811,26910600,SHIM
2812,62013523,SHIM
2813,62043251,SHIM
2814,74390051,SHIM
2815,74390052,SHIM
2816,74390053,SHIM
2817,74390054,SHIM
2818,1020Z7147,SHIM
2819,1020Z7562,SHIM
2820,1020Z8440,SHIM
2821,20N604D1,SHIM
2822,20N604D2,SHIM
2823,20N604D3,SHIM
2824,20P1845D1,SHIM
2825,20P1997D1,SHIM
2826,20P1997D2,SHIM
2827,20P1997D3,SHIM
2828,20T6954,SHIM
2829,20T6955,SHIM
2830,20T6988,SHIM
2831,20T6989,SHIM
2832,20T69891,SHIM
2833,20T7166,SHIM
2834,20T7463,SHIM
2835,20T7464,SHIM
2836,20T7466,SHIM
2837,20T8095,SHIM
2838,20T9078D1,SHIM
2839,20T9078D2,SHIM
2840,20T9078D3,SHIM
2841,20T9178D1,SHIM
2842,20T9178D2,SHIM
2843,20T9178D3,SHIM
2844,20T9758D2,SHIM
2845,20T9917D1,SHIM
2846,20T9917D2,SHIM
2847,20T9917D341,SHIM
2848,20T9917D342,SHIM
2849,30T6989,SHIM
2850,648709-01,SHIM
2851,MP257005,SHIM
2852,R44764D26,SHIM
2853,R44764D61,SHIM
2854,62017847,SHIM HOIST BRAKE
2855,20Z1D34,SHIM KIT
2856,B005701-01,SHIM PACK
2857,20T6988D1,SHIM UTYPE
2858,20Z1D37,"SHIM, BLUE"
2859,20P1979D1,"SHIM, HORIZONTAL"
2860,26910850,"SHIM, SWING"
2861,26904400,"SHIM, SWING MACH"
2862,20Z1D38,SHIM
2863,20P1962D1,"SHIM, VERTICAL"
2864,20Z1D39,"SHIM, YELLOW"
2865,26904150,SHIM
2866,1J106,SHIPPER GEAR
2867,10J108D1,SHIPPER SHAFT
2868,10J108D3C1,SHIPPER SHAFT
2869,10J63F1,SHIPPER SHAFT
2870,10N368F1,SHIPPER SHAFT
2871,R53849D1,SHIPPER SHAFT
2872,1N1071,SHIPPER SHAFT GEAR
2873,902858K51,SHOE
2874,24J289M1,"SHOE, CRAWLER"
2875,24J284M1,"SHOE, CRAWLER"
2876,24J303M1,"SHOE, CRAWLER"
2877,R57148F3,"SHOE, CRAWLER"
2878,5004045,SIDE FRAME
2879,R37552D1-G,SIDE GUIDE PLATE
2880,527967K1,SIDE SHAFT
2881,18N1124,SLEAVE
2882,18P3351,SLEERE SHIPPER SHAFT
2883,18P2302,SLEEVE
2884,18P3945,SLEEVE
2885,25P979,SLEEVE
2886,630317-1,SLEEVE
2887,632451-1,SLEEVE
2888,B002397-01,SLEEVE
2889,B004621-01,SLEEVE
2890,B005722-01,SLEEVE
2891,18P4266K1,SLEEVE SHIPPER SHAFE
2892,S025827,"SLEEVE, BEARING"
2893,18Q161,"SLEEVE, COUPLING"
2894,18P3355,SLIDE PLATE
2895,18T8592,SLIDE PLATE
2896,R17133F1,SNUBBER
2897,R51421F1,SNUBBER
2898,R52182F1,SNUBBER
2899,15P1194D2F1,SNUBBER ARM ASSY
2900,915J148F5,SNUBBER ASSEMBLY
2901,E020930-02,"SNUBBER ASSY, LH"
2902,E020930-01,"SNUBBER ASSY, RH"
2903,19T5697,SNUBBER PIN
2904,20T8693,SNUBBER PIN
2905,R51421F2,"SNUBBER, LEFT HAND"
2906,D020526-02,"SNUBBER, L.H."
2907,D020526-01,"SNUBBER, R.H."
2908,39148,SOCKET
2909,R44764D15,SOCKET
2910,R44764D53,SOCKET
2911,23571,SOCKET PIN
2912,3479Z805,SOLID STATE TIMER
2913,62017898,SPACER
2914,69582B292,SPACER
2915,18N1123,SPACER
2916,18P1950,SPACER
2917,18P3053,SPACER
2918,18P3054,SPACER
2919,18P3894,SPACER
2920,18P3962,SPACER
2921,18P3963,SPACER
2922,18P4314D2,SPACER
2923,18P4325D2,SPACER
2924,18P8495,SPACER
2925,18P8682D1,SPACER
2926,18P8689D1,SPACER
2927,18P8710D1,SPACER
2928,18T17791,SPACER
2929,18T5676,SPACER
2930,18T7190,SPACER
2931,18T7190C341,SPACER
2932,18T7210,SPACER
2933,18T7214C1,SPACER
2934,18T7217,SPACER
2935,18T9039,SPACER
2936,18T9272,SPACER
2937,4202M1002,SPACER
2938,4202M1003,SPACER
2939,513657K1,SPACER
2940,513780K1,SPACER
2941,515672K1,SPACER
2942,518F291,SPACER
2943,521850K1,SPACER
2944,521851K1,SPACER
2945,521930K1,SPACER
2946,524967K1,SPACER
2947,532836K1,SPACER
2948,539632-1,SPACER
2949,539633-1,SPACER
2950,543514K1,SPACER
2951,69582B284,SPACER
2952,69582B292,SPACER
2953,718P374,SPACER
2954,718P423D67,SPACER
2955,718P423D72,SPACER
2956,A002236-01,SPACER
2957,B002609-01,SPACER
2958,B005707-02,SPACER
2959,G5001003,SPACER
2960,G5001005,SPACER
2961,G5001006,SPACER
2962,G5001014,SPACER
2963,G5001015,SPACER
2964,G5001017,SPACER
2965,G5001025,SPACER
2966,G5001038,SPACER
2967,G5001052,SPACER
2968,G5001093,SPACER
2969,G5001217,SPACER
2970,G5002029,SPACER
2971,G5002045,SPACER
2972,R41169D1,SPACER
2973,R4633D1,SPACER
2974,S006600,SPACER
2975,18P4197,SPACER
2976,18P4397,SPACER
2977,18P4418,SPACER
2978,18P4419,SPACER
2979,18P4432,SPACER
2980,18T10841,SPACER
2981,18T10858,SPACER
2982,18T10918,SPACER
2983,18T11157,SPACER
2984,18T5416,SPACER
2985,18T5453,SPACER
2986,18T7196,SPACER
2987,18T7209,SPACER
2988,18T7214C314,SPACER
2989,18T8492,SPACER
2990,18T8494,SPACER
2991,18T9314,SPACER
2992,69582B283,SPACER
2993,69582B291,SPACER
2994,P18T5454,SPACER
2995,18P1031,SPACER
2996,543437,"SPACER, BEARING"
2997,543441,"SPACER, BEARING"
2998,18P1335,"SPACER, BEARING"
2999,18P3051,"SPACER, BUSHING"
3000,25P1247,"SPACER, BUSHIN"
3001,25P984,"SPACER, BUSHING"
3002,642920-01,"SPACER, BUSHING"
3003,733416-07,"SPACER, BUSHING"
3004,5396311,"SPACER, BUSHING, SWING SHAFT"
3005,18T9629,"SPACER, RACK PINION"
3006,5004046,"SPACER, FRAME"
3007,543439,"SPACER, GEAR"
3008,B009039-01,SPACER LH
3009,19T4846,"SPACER, PIN"
3010,521717K1,"SPACER, BEARING"
3011,521810K1,"SPACER, BEARING"
3012,522404K1,"SPACER, BEARING"
3013,539631-1,"SPACER, BEARING"
3014,515582K1,"SPACER, BEARING LH"
3015,515737K1,"SPACER, BEARING LH"
3016,18P8698D1,"SPACER, HOIST SHAFT"
3017,515671K1,"SPACER, INNER-MOTOR"
3018,18P5690D2,"SPACER, OIL SEAL"
3019,18P935D56,"SPACER, PIPE"
3020,525412K1,"SPACER, RETAINER"
3021,18P4196,"SPACER, SHAFT SHIPPER"
3022,18T14324D3,"SPACER, SLEEVE"
3023,18T17726,"SPACER, SNUBBER"
3024,648450-01,"SPACER, SWING"
3025,MP600854,SPACER
3026,MP367846,"SPACER, BAR"
3027,18P2743,"SPACER, BEARING"
3028,B004097-01,"SPACER, BEARING"
3029,C108464-02,"SPACER, BEARING"
3030,C109223-01,"SPACER, DRUM BEARING"
3031,B005707-01,"SPACER, L.H.BEARING"
3032,MP600856,SPACER
3033,B005432-01,"SPACER, R.H.BEARING"
3034,15T1150,"SPACER, SNUBBER"
3035,B007549-01,"SPACER, TUBE"
3036,R39545D1,SPACER
3037,18P1952,SPHERICAL WASHER
3038,23N319F1,SPIDER ASSY
3039,618758K1,SPIDER L.H. HOIST
3040,618946,SPIDER R.H. HOIST
3041,711727K1,SPLINE DETAILS
3042,82532846,SPLINE HOUSING
3043,745675-02,SPLINE HOUSING
3044,708766,SPLINE SHAFT
3045,605202K1,SPLINE SHAFT
3046,716664K1,SPLINE SHAFT
3047,549973K1,SPLINED HUB
3048,231695,SPLINED SHAFT
3049,273893,SPLINED SHAFT
3050,714242K1,SPLINED SHAFT
3051,715471K2,SPLINED SHAFT
3052,716660K1,SPLINED SHAFT
3053,5P10,SPLIT BUSHING
3054,5T2812,SPLIT BUSHING
3055,5T3162,SPLIT BUSHING
3056,18T11050F1,SPLIT COLLAR
3057,5P1996,SPLIT WASHER
3058,G5002047,SPOCKET
3059,858160K3,SPRACKET
3060,859352K4,SPRACKET
3061,91101-535,SPREADER BAR PIN
3062,62003707,SPRING
3063,62021511,SPRING
3064,62029507,SPRING
3065,1017Z1375,SPRING
3066,1017Z1377,SPRING
3067,1017Z1378,SPRING
3068,1017Z1382,SPRING
3069,1017Z1384,SPRING
3070,1017Z1748,SPRING
3071,15Z549D2,SPRING
3072,17Z175-G,SPRING
3073,18Z3426D5,SPRING
3074,517F9D3,SPRING
3075,R44764D12,SPRING
3076,R44764D4,SPRING
3077,R44764D49,SPRING
3078,R44764D50,SPRING
3079,1017Z1482,SPRING
3080,62021526,SPRING CROWD BRAKE
3081,62027794,SPRING CROWD BRAKE
3082,62021575,SPRING HOIST BRAKE
3083,517H84,SPRING SUPPORT
3084,17Q3,"SPRING, BRUSH, LOW TENSION"
3085,15Z549D8,"SPRING, HUB"
3086,1017Z1415,"SPRING, SEPARATOR"
3087,R44764D1,"SPRING, STUD"
3088,62029365,"SPRING, SWING BRAKE"
3089,75335011,"SPRING, BELLEVILLE, WASHER"
3090,1017Z2266,"SPRING, SEPARATOR"
3091,4J54,SPROCKET
3092,4N310,SPROCKET
3093,711826K21,SPROCKET
3094,711827K1,SPROCKET
3095,712167K1,SPROCKET
3096,714224K21,SPROCKET
3097,718808K1,SPROCKET
3098,732639K1,SPROCKET
3099,732640K21,SPROCKET
3100,805848K1,SPROCKET
3101,G5002680,SPROCKET
3102,G5003007,SPROCKET
3103,G5003008,SPROCKET
3104,G5003050,SPROCKET
3105,G5004010,SPROCKET
3106,G5004011,SPROCKET
3107,GD5013599,SPROCKET
3108,805903,SPROCKET PROP
3109,724510K1,SPROCKET PROP
3110,4N304,SPROCKET
3111,4N372,SPROCKET
3112,611035K1,SPROCKET DRIVE
3113,715598,SPROCKET PROPEL
3114,18P3249,SPROCKET THRUST WASHER
3115,18P3250,SPROCKET THRUST WASHER
3116,715538K22,"SPROCKET, CHAIN 19TOOTH"
3117,611035,"SPROCKET, DRIVE"
3118,714248K1,SPROCKET
3119,714642K21,SPROCKET
3120,715272K1,SPROCKET
3121,G5002014,SPROCKET
3122,963524,SPUR GEAR
3123,1531684,SPUR GEAR
3124,11N2677D2,STAIRWAY (LH)
3125,11N2677D1,STAIRWAY (RH)
3126,62043258,STANDOFF
3127,5T3220,BUSHING
3128,18T7198,BUSHING
3129,510353K1,PIN
3130,18T9454,BUSHING
3131,18T9811,BUSHING
3132,29T2648D1,STOP
3133,R32864D1,STOP BLOCK
3134,B005455-01,STOP CAP
3135,16T3392,STOP PLATE
3136,18P6804-G,STOP PLATE
3137,18T8858,STOP PLATE
3138,18T9290,STOP RING
3139,R32864D1-G,STOPPER
3140,3406R5D2,STRIKE
3141,28291717,STUD
3142,28291718,STUD
3143,62029505,STUD
3144,1020Z10449,STUD
3145,1020Z7623,STUD
3146,1020Z8071,STUD
3147,20N33101,STUD
3148,20N33104,STUD
3149,20T4428,STUD
3150,20T8595,STUD
3151,20T8596,STUD
3152,20T8694,STUD
3153,515898K1,STUD
3154,517764K1,STUD BRG HOUSING
3155,62021574,STUD HOIST BRAKE
3156,R44764D24,STUD NUT
3157,R44764D59,STUD NUT
3158,521386K1,STUD SHAFT
3159,62017901,"STUD, DRIVE"
3160,62017895,"STUD, DRIVE"
3161,1020Z7783,"STUD, DRIVE"
3162,1020Z13232,"STUD, SPRING"
3163,10J25,SWING SHAFT
3164,82637942,SUPERBOLT TORQUENUT
3165,515724,SUPPORT
3166,618973K21,SUPPORT
3167,C111994-01,"SUPPORT, SNUBBER"
3168,C111968-01,"SUPPORT, SNUBBER"
3169,1N1132,SWING
3170,503-9950,SWING BRAKE
3171,1N1029,SWING GEAR
3172,1N1133,SWING PINION
3173,10N659,SWING SHAFT
3174,100J5950F1,SWING SHAFT ASSY
3175,110J5122F2,SWING TRANSMISSION ASSY
3176,J84F1,SWING TRANSMISSION GEAR
3177,12774382,SWITCH
3178,12774400,SWITCH ROTARY
3179,79Z3138,"SWITCH, PRESSURE."
3180,62043248,"SWITCH, RELEASE"
3181,62043247,"SWITCH, WEAR"
3182,44Z1438D8,SWIVEL
3183,44Z1438D5,SWIVEL
3184,G5003004,TAKE UP RING
3185,G5003948,TAKE UP RING
3186,616385K21,TAKE-UP ANCHOR BOLT
3187,610385,TAKE-UP AXLE
3188,619577K51,TAKE-UP IDLER
3189,89Z339,TEMPERATURE CONTROL SWITCH
3190,214761,TEMPERATURE SENSOR
3191,29190109,TEMPERATURE SENSOR ASSEMBLY
3192,62016449,THERMISTOR KIT
3193,1N1319C341,THIRD REDUCTION GEAR
3194,1N1387,THIRD REDUCTION GEAR
3195,401451,THRUST
3196,401710,THRUST
3197,401259A,THRUST
3198,R11750D3,THRUST RACK
3199,196917,THRUST WASHER
3200,118T8524,THRUST WASHER
3201,18P4301,THRUST WASHER
3202,18P5289,THRUST WASHER
3203,18T10724,THRUST WASHER
3204,18T10725,THRUST WASHER
3205,402691B,THRUST WASHER
3206,523631K1,THRUST WASHER
3207,858796K1,THRUST WASHER
3208,G5001061,THRUST WASHER
3209,R44764D34,THRUST WASHER
3210,523632K1,THRUST WASHER
3211,523658K1,THRUST WASHER
3212,515787K1,THRUST WASHER UPPER PROPEL
3213,528795K1,THTUST PLATE
3214,75Z727D13,THYRISTOR
3215,75Z727D16,THYRISTOR
3216,75Z727D11,THYRISTOR
3217,75Z727D9,THYRISTOR
3218,62018804,"TIP, CONTACT MOVABLE"
3219,62018802,"TIP, CONTACT STATIONARY"
3220,12J1231-G,TOOTH
3221,491-77G,TOOTH
3222,BKD-05808NB,TOOTH
3223,R19806D1-G,TOOTH GUIDE
3224,R37544D1-G,TOOTH GUIDE
3225,730330K1,TOP
3226,18N-1384D1F1,TORQUE TUBE
3227,0626V161,TRACK CHAIN PIN
3228,R48472D1,TRACK PAD
3229,R54587D3,TRACK PAD
3230,637608K1,TRACK PIN
3231,R29975D1,TRACK SHOE
3232,R48472D7,TRACK SHOE
3233,R18425F2,"TRACK, CRAWLER"
3234,730331K1,TRANSMISSION
3235,R62513F1,TRANSMISSION ASSEMBLY
3236,R68338F1,TRANSMISSION ASSEMBLY
3237,100J4094F7,"TRANSMISSION, SWING"
3238,100J5949F4,"TRANSMISSION, SWING"
3239,21-202-13,"TRANSMISSION, SWING"
3240,91101-639,TRINION LINK PIN
3241,12021LR,TRIP DIPPER ASSY
3242,37328945,TUBE
3243,18T10740,TUBE
3244,S014914,TUBE
3245,405402,"TUBE, BUTT END"
3246,18T17737D1,"TUBE, IDLER ROLLER"
3247,18T1773D1,"TUBE, IDLER ROLLER"
3248,18T17810D1,"TUBE, ROLLER, LOWER FRONT"
3249,18T17810D2,"TUBE, ROLLER, LOWER FRONT"
3250,619973-01,"TUBE, SWIVEL JOINT"
3251,E019376-04,"TUMBER, DRIVE"
3252,29931010,TUMBLER
3253,4J161D2C1,TUMBLER
3254,R24988D3,TUMBLER
3255,4J78,TUMBLER DRIVE
3256,4J78C341,TUMBLER DRIVE
3257,711883K1,TUMBLER SHAFT
3258,611036,"TUMBLER, DRIVE"
3259,MP600341,"TUMBLER, DRIVE"
3260,NPBEM152009,"TUMBLER, DRIVE"
3261,R47803D1,"TUMBLER, DRIVE"
3262,R54897D1,"TUMBLER, DRIVE"
3263,4J160,"TUMBLER, DRIVE"
3264,C119008-01,"TUMBLER, TAKE-UP ASSY"
3265,4J143D4,"TUMBLER, DRIVE"
3266,4J175D2,"TUMBLER, DRIVE"
3267,R43657D4,"TUMBLER, DRIVE"
3268,R53902D3,"TUMBLER, DRIVE"
3269,4J192D3,"TUMBLER, DRIVE"
3270,19F58D43,U SCREW
3271,902392K51,UPPER ROLLER
3272,724984K1,UPPER COUPLING
3273,68766517,UPPER CUSHION
3274,714218K21,UPPER GUIDE
3275,611795K2,UPPER PROPELL SHAFT
3276,R16838D1,UPPER ROLLER TRACK
3277,R16843F1,UPPER TRACK ROLLER
3278,26102280,VALVE
3279,3436U4D2,VALVE
3280,36Z1037D1,VALVE
3281,3436R10D1,VALVE AIR
3282,36Z1439D1,VALVE AIR
3283,36Q347D2,VALVE ASSEMBLY
3284,36Z1439D2,"VALVE, HORN"
3285,79362250,VALVE QUICK RELEASE
3286,1036Z339,VALVE SEAT
3287,36Z613,VALVE SPRAY
3288,36Q347D1,"VALVE, AIR"
3289,12971040,"VALVE, SOLENOID-AIR"
3290,980H49-1,VDC SUPPLY
3291,C108486-02,VERTICAL SHAFT BEARING HOUSING
3292,C108487-01,VERTICAL SHAFT PROTECTOR
3293,62027855,VOLTMETER
3294,18Z3344D17,V-SEAL
3295,R48749D1,V-SEAL
3296,3961800,WASHER
3297,1018Z8031,WASHER
3298,13T7215,WASHER
3299,18H3892D1,WASHER
3300,18H3892D89,WASHER
3301,18P3541,WASHER
3302,18P3777,WASHER
3303,18P4265,WASHER
3304,18P8664D1,WASHER
3305,18P9997,WASHER
3306,18T7120,WASHER
3307,18T7214,WASHER
3308,18T7402,WASHER
3309,18T7496,WASHER
3310,18T8524,WASHER
3311,18T9322,WASHER
3312,18Z694D11,WASHER
3313,18Z694D8,WASHER
3314,20P1845D2,WASHER
3315,285597A,WASHER
3316,3612V023,WASHER
3317,3615V013,WASHER
3318,3616V007,WASHER
3319,3631V009,WASHER
3320,402694B,WASHER
3321,402706B,WASHER
3322,402707B,WASHER
3323,513641K1,WASHER
3324,513642K1,WASHER
3325,513647K1,WASHER
3326,517765K1,WASHER
3327,522001K1,WASHER
3328,528796K1,WASHER
3329,745496-01,WASHER
3330,G5001089,WASHER
3331,MP257001,WASHER
3332,MP274802,WASHER
3333,R44764D23,WASHER
3334,18T7900,WASHER
3335,18T7924,WASHER
3336,18Z2049,WASHER
3337,517135K1,WASHER
3338,R44764D58,WASHER
3339,R44764D64,WASHER
3340,MP600349,WASHER
3341,18Z3426D4,WASHER DISC SPRING
3342,605524K1,WASHER ECCENTRIC
3343,18P8427D11,WASHER THRUST
3344,18P8519,WASHER THRUST
3345,18T7735,WASHER THRUST
3346,515928K1,WASHER THRUST
3347,G5001059,WASHER THRUST
3348,G5001060,WASHER THRUST
3349,G5001067,WASHER THRUST
3350,18T9605,WASHER TRUST
3351,17Z286D37,"WASHER, ASSEMBLY"
3352,17Z286D45,"WASHER, BELLVILLE"
3353,18Z3405,"WASHER, BELLVILLE"
3354,R17764D1,"WASHER, CRAWLER FRAME"
3355,3951200,"WASHER, FLAT"
3356,1018Z7721,"WASHER, FLAT"
3357,18Z694D10,"WASHER, HARDENED"
3358,18Z694D12,"WASHER, HARDENED"
3359,18Z694D14,"WASHER, HARDENED"
3360,18Z694D15,"WASHER, HARDENED"
3361,18Z694D7,"WASHER, HARDENED"
3362,R47904D1,"WASHER, HARDENED"
3363,18Z694D15,"WASHER, HARDENED"
3364,18Z694D17,"WASHER, HARDENED"
3365,62021518,"WASHER, INSULATOR"
3366,62021522,"WASHER, INSULATOR"
3367,62043252,"WASHER, LOCK"
3368,62043259,"WASHER, LOCK"
3369,1018Z7666,"WASHER, LOCK"
3370,1018Z7864,"WASHER, LOCK"
3371,3616V009,"WASHER, LOCK"
3372,3616V013,"WASHER, LOCK"
3373,3616V017,"WASHER, LOCK"
3374,3643V011,"WASHER, LOCK"
3375,3616V015,"WASHER, LOCK"
3376,3612V019,"WASHER, PLAIN"
3377,3631V007,"WASHER, PLAIN"
3378,3645V080,"WASHER, PLAIN"
3379,3631V015,"WASHER, PLAIN"
3380,551209-02,"WASHER, PLATE"
3381,55120902,"WASHER, PLATE DIPPER DOOR"
3382,3644V085,"WASHER, RETAINER"
3383,551209-01,"WASHER, SHEET"
3384,26923123,"WASHER, SPACER"
3385,18P3206,"WASHER, SPHERICAL"
3386,62010034,"WASHER, STUD"
3387,62010069,"WASHER, STUD NUT"
3388,18N2388,"WASHER, THRUST"
3389,18N2628D2,"WASHER, THRUST"
3390,18P4290,"WASHER, THRUST"
3391,18P4308,"WASHER, THRUST"
3392,18P8664D2,"WASHER, THRUST"
3393,18Q355D1,"WASHER, THRUST"
3394,18Q368D1,"WASHER, THRUST"
3395,18Q368D2,"WASHER, THRUST"
3396,18T8983,"WASHER, THRUST"
3397,18T9322D2,"WASHER, THRUST"
3398,18T9609,"WASHER, THRUST"
3399,18Z3185D3,"WASHER, THRUST"
3400,18Z3185D4,"WASHER, THRUST"
3401,18Z3185D5,"WASHER, THRUST"
3402,25N782D1,"WASHER, THRUST"
3403,541599K1,"WASHER, THRUST"
3404,605524K2,"WASHER, THRUST"
3405,C117768-01,"WASHER, THRUST"
3406,G5001072,"WASHER, THRUST"
3407,R20248D1,"WASHER, THRUST"
3408,R42039D1,"WASHER, THRUST"
3409,R42901D1,"WASHER, THRUST"
3410,R53670D1,"WASHER, THRUST"
3411,R54777D1,"WASHER, THRUST"
3412,C112784-01,"WASHER, THRUST LOWER ROLLER"
3413,R47905D1,"WASHER, THRUST OUTER"
3414,3952550,"WASHER, FLAT"
3415,3952950,"WASHER, FLAT, HARDEND"
3416,18Z694D,"WASHER, HARDENED"
3417,18Z694D24,"WASHER, HARDENED"
3418,1018Z12870,"WASHER, INSULATING"
3419,1018Z9776,"WASHER, INSULATING"
3420,MP274804,"WASHER, SPECIAL"
3421,3961500,"WASHER, SPRING LOCK"
3422,18T8983,"WASHER, THRUST"
3423,18Z3185D,"WASHER, THRUST"
3424,A003488-02,"WASHER, THRUST"
3425,MP600366,"WASHER, THRUST"
3426,MP600367,"WASHER, THRUST"
3427,R41319D1,"WASHER, THRUST"
3428,R48741D1,"WASHER, THRUST"
3429,B008790-02,"WASHER, THRUST, L.H.(PADLOCK)"
3430,62029508,WEAR PLATE
3431,R44764D42,WEAR PLATE
3432,12Z537,WEDGE
3433,611714-02,WEDGE ROPE
3434,12P885,"WEDGE, C-CLAMP"
3435,C106200-02,WHEEL
3436,13P456,"WHEEL, BRAKE"
3437,P13F653,"WHEEL, BRAKE"
3438,53U47D3,"WHEEL, REDUCER"
3439,13P509,"WHEEL, SWING BRAKE"
3440,13N303,"WHEEL, BRAKE"
3441,100J4932-F1,WINDSHIELD WIPER
3442,62000649,WIPER MOTOR
3443,3U34,WORM PINION
3444,3T28,WORM WHEEL
3445,515900K1,YOKE
3446,515899K1,YOKE END-PROPEL
3447,15P1111,YOKE SHIFTER
3448,18T11302,SPACER